0, NVIDIA GeForce RTX 3060, 1708 MiB, 12288 MiB, 21 %, 54
1, NVIDIA GeForce RTX 4090, 12887 MiB, 24564 MiB, 0 %, 46
0, NVIDIA GeForce RTX 3060, 1708 MiB, 12288 MiB, 19 %, 54
1, NVIDIA GeForce RTX 4090, 13107 MiB, 24564 MiB, 15 %, 46
0, NVIDIA GeForce RTX 3060, 1707 MiB, 12288 MiB, 20 %, 53
1, NVIDIA GeForce RTX 4090, 13307 MiB, 24564 MiB, 26 %, 46
0, NVIDIA GeForce RTX 3060, 1710 MiB, 12288 MiB, 12 %, 53
1, NVIDIA GeForce RTX 4090, 13527 MiB, 24564 MiB, 31 %, 46
0, NVIDIA GeForce RTX 3060, 1717 MiB, 12288 MiB, 12 %, 54
1, NVIDIA GeForce RTX 4090, 13727 MiB, 24564 MiB, 25 %, 46
0, NVIDIA GeForce RTX 3060, 1716 MiB, 12288 MiB, 12 %, 53
1, NVIDIA GeForce RTX 4090, 13947 MiB, 24564 MiB, 32 %, 46
0, NVIDIA GeForce RTX 3060, 1714 MiB, 12288 MiB, 22 %, 53
1, NVIDIA GeForce RTX 4090, 14147 MiB, 24564 MiB, 34 %, 46
0, NVIDIA GeForce RTX 3060, 1712 MiB, 12288 MiB, 27 %, 53
1, NVIDIA GeForce RTX 4090, 14367 MiB, 24564 MiB, 30 %, 46
0, NVIDIA GeForce RTX 3060, 1717 MiB, 12288 MiB, 12 %, 53
1, NVIDIA GeForce RTX 4090, 14507 MiB, 24564 MiB, 18 %, 46
0, NVIDIA GeForce RTX 3060, 1716 MiB, 12288 MiB, 12 %, 53
1, NVIDIA GeForce RTX 4090, 14727 MiB, 24564 MiB, 33 %, 46
0, NVIDIA GeForce RTX 3060, 1716 MiB, 12288 MiB, 13 %, 53
1, NVIDIA GeForce RTX 4090, 14927 MiB, 24564 MiB, 28 %, 46
0, NVIDIA GeForce RTX 3060, 1713 MiB, 12288 MiB, 19 %, 53
1, NVIDIA GeForce RTX 4090, 15147 MiB, 24564 MiB, 10 %, 46
0, NVIDIA GeForce RTX 3060, 1709 MiB, 12288 MiB, 14 %, 53
1, NVIDIA GeForce RTX 4090, 15347 MiB, 24564 MiB, 38 %, 46
0, NVIDIA GeForce RTX 3060, 1709 MiB, 12288 MiB, 12 %, 53
1, NVIDIA GeForce RTX 4090, 15567 MiB, 24564 MiB, 33 %, 45
0, NVIDIA GeForce RTX 3060, 1709 MiB, 12288 MiB, 12 %, 53
1, NVIDIA GeForce RTX 4090, 15767 MiB, 24564 MiB, 7 %, 45
0, NVIDIA GeForce RTX 3060, 1709 MiB, 12288 MiB, 13 %, 53
1, NVIDIA GeForce RTX 4090, 15987 MiB, 24564 MiB, 42 %, 45
0, NVIDIA GeForce RTX 3060, 1709 MiB, 12288 MiB, 21 %, 53
1, NVIDIA GeForce RTX 4090, 16187 MiB, 24564 MiB, 29 %, 45
0, NVIDIA GeForce RTX 3060, 1709 MiB, 12288 MiB, 21 %, 53
1, NVIDIA GeForce RTX 4090, 16327 MiB, 24564 MiB, 9 %, 45
0, NVIDIA GeForce RTX 3060, 1709 MiB, 12288 MiB, 12 %, 53
1, NVIDIA GeForce RTX 4090, 16547 MiB, 24564 MiB, 18 %, 45
0, NVIDIA GeForce RTX 3060, 1710 MiB, 12288 MiB, 12 %, 53
1, NVIDIA GeForce RTX 4090, 16827 MiB, 24564 MiB, 42 %, 45
0, NVIDIA GeForce RTX 3060, 1717 MiB, 12288 MiB, 12 %, 53
1, NVIDIA GeForce RTX 4090, 17047 MiB, 24564 MiB, 33 %, 45
0, NVIDIA GeForce RTX 3060, 1719 MiB, 12288 MiB, 21 %, 53
1, NVIDIA GeForce RTX 4090, 17247 MiB, 24564 MiB, 14 %, 45
0, NVIDIA GeForce RTX 3060, 1719 MiB, 12288 MiB, 20 %, 52
1, NVIDIA GeForce RTX 4090, 17467 MiB, 24564 MiB, 29 %, 45
0, NVIDIA GeForce RTX 3060, 1719 MiB, 12288 MiB, 24 %, 52
1, NVIDIA GeForce RTX 4090, 17647 MiB, 24564 MiB, 37 %, 45
0, NVIDIA GeForce RTX 3060, 1719 MiB, 12288 MiB, 13 %, 52
1, NVIDIA GeForce RTX 4090, 17807 MiB, 24564 MiB, 31 %, 45
0, NVIDIA GeForce RTX 3060, 1716 MiB, 12288 MiB, 20 %, 52
1, NVIDIA GeForce RTX 4090, 17967 MiB, 24564 MiB, 19 %, 45
0, NVIDIA GeForce RTX 3060, 1715 MiB, 12288 MiB, 13 %, 52
1, NVIDIA GeForce RTX 4090, 18147 MiB, 24564 MiB, 36 %, 44
0, NVIDIA GeForce RTX 3060, 1715 MiB, 12288 MiB, 12 %, 52
1, NVIDIA GeForce RTX 4090, 18307 MiB, 24564 MiB, 22 %, 44
0, NVIDIA GeForce RTX 3060, 1721 MiB, 12288 MiB, 20 %, 52
1, NVIDIA GeForce RTX 4090, 18487 MiB, 24564 MiB, 39 %, 44
0, NVIDIA GeForce RTX 3060, 1721 MiB, 12288 MiB, 12 %, 52
1, NVIDIA GeForce RTX 4090, 18667 MiB, 24564 MiB, 6 %, 44
0, NVIDIA GeForce RTX 3060, 1713 MiB, 12288 MiB, 22 %, 52
1, NVIDIA GeForce RTX 4090, 18867 MiB, 24564 MiB, 37 %, 44
0, NVIDIA GeForce RTX 3060, 1720 MiB, 12288 MiB, 12 %, 52
1, NVIDIA GeForce RTX 4090, 19067 MiB, 24564 MiB, 35 %, 44
0, NVIDIA GeForce RTX 3060, 1719 MiB, 12288 MiB, 12 %, 52
1, NVIDIA GeForce RTX 4090, 19247 MiB, 24564 MiB, 23 %, 44
0, NVIDIA GeForce RTX 3060, 1708 MiB, 12288 MiB, 18 %, 52
1, NVIDIA GeForce RTX 4090, 19487 MiB, 24564 MiB, 39 %, 44
0, NVIDIA GeForce RTX 3060, 1708 MiB, 12288 MiB, 13 %, 52
1, NVIDIA GeForce RTX 4090, 19687 MiB, 24564 MiB, 35 %, 44
0, NVIDIA GeForce RTX 3060, 1708 MiB, 12288 MiB, 21 %, 52
1, NVIDIA GeForce RTX 4090, 19847 MiB, 24564 MiB, 22 %, 44
0, NVIDIA GeForce RTX 3060, 1713 MiB, 12288 MiB, 13 %, 52
1, NVIDIA GeForce RTX 4090, 20047 MiB, 24564 MiB, 10 %, 44
0, NVIDIA GeForce RTX 3060, 1713 MiB, 12288 MiB, 13 %, 52
1, NVIDIA GeForce RTX 4090, 20187 MiB, 24564 MiB, 22 %, 44
0, NVIDIA GeForce RTX 3060, 1713 MiB, 12288 MiB, 23 %, 52
1, NVIDIA GeForce RTX 4090, 20367 MiB, 24564 MiB, 29 %, 44
0, NVIDIA GeForce RTX 3060, 1721 MiB, 12288 MiB, 13 %, 52
1, NVIDIA GeForce RTX 4090, 20567 MiB, 24564 MiB, 30 %, 44
0, NVIDIA GeForce RTX 3060, 1721 MiB, 12288 MiB, 21 %, 52
1, NVIDIA GeForce RTX 4090, 20767 MiB, 24564 MiB, 37 %, 44
0, NVIDIA GeForce RTX 3060, 1713 MiB, 12288 MiB, 15 %, 52
1, NVIDIA GeForce RTX 4090, 20909 MiB, 24564 MiB, 36 %, 44
0, NVIDIA GeForce RTX 3060, 1713 MiB, 12288 MiB, 13 %, 52
1, NVIDIA GeForce RTX 4090, 21063 MiB, 24564 MiB, 26 %, 44
0, NVIDIA GeForce RTX 3060, 1713 MiB, 12288 MiB, 21 %, 51
1, NVIDIA GeForce RTX 4090, 21389 MiB, 24564 MiB, 6 %, 43
0, NVIDIA GeForce RTX 3060, 1708 MiB, 12288 MiB, 13 %, 51
1, NVIDIA GeForce RTX 4090, 22889 MiB, 24564 MiB, 98 %, 64
0, NVIDIA GeForce RTX 3060, 1708 MiB, 12288 MiB, 19 %, 51
1, NVIDIA GeForce RTX 4090, 22889 MiB, 24564 MiB, 100 %, 70
0, NVIDIA GeForce RTX 3060, 1713 MiB, 12288 MiB, 14 %, 51
1, NVIDIA GeForce RTX 4090, 22889 MiB, 24564 MiB, 100 %, 69
0, NVIDIA GeForce RTX 3060, 1713 MiB, 12288 MiB, 12 %, 51
1, NVIDIA GeForce RTX 4090, 22889 MiB, 24564 MiB, 100 %, 72
0, NVIDIA GeForce RTX 3060, 1713 MiB, 12288 MiB, 20 %, 51
1, NVIDIA GeForce RTX 4090, 22889 MiB, 24564 MiB, 100 %, 72
0, NVIDIA GeForce RTX 3060, 1713 MiB, 12288 MiB, 13 %, 51
1, NVIDIA GeForce RTX 4090, 22889 MiB, 24564 MiB, 22 %, 51
0, NVIDIA GeForce RTX 3060, 1713 MiB, 12288 MiB, 20 %, 51
1, NVIDIA GeForce RTX 4090, 22889 MiB, 24564 MiB, 89 %, 50
0, NVIDIA GeForce RTX 3060, 1703 MiB, 12288 MiB, 14 %, 51
1, NVIDIA GeForce RTX 4090, 22889 MiB, 24564 MiB, 97 %, 49
0, NVIDIA GeForce RTX 3060, 1713 MiB, 12288 MiB, 12 %, 51
1, NVIDIA GeForce RTX 4090, 22889 MiB, 24564 MiB, 80 %, 49
0, NVIDIA GeForce RTX 3060, 1714 MiB, 12288 MiB, 15 %, 51
1, NVIDIA GeForce RTX 4090, 22889 MiB, 24564 MiB, 32 %, 49
0, NVIDIA GeForce RTX 3060, 1714 MiB, 12288 MiB, 12 %, 51
1, NVIDIA GeForce RTX 4090, 22889 MiB, 24564 MiB, 60 %, 48
0, NVIDIA GeForce RTX 3060, 1714 MiB, 12288 MiB, 22 %, 51
1, NVIDIA GeForce RTX 4090, 22889 MiB, 24564 MiB, 60 %, 48
0, NVIDIA GeForce RTX 3060, 1714 MiB, 12288 MiB, 13 %, 51
1, NVIDIA GeForce RTX 4090, 22889 MiB, 24564 MiB, 86 %, 48
0, NVIDIA GeForce RTX 3060, 1713 MiB, 12288 MiB, 13 %, 51
1, NVIDIA GeForce RTX 4090, 22889 MiB, 24564 MiB, 72 %, 48
0, NVIDIA GeForce RTX 3060, 1713 MiB, 12288 MiB, 22 %, 51
1, NVIDIA GeForce RTX 4090, 1379 MiB, 24564 MiB, 8 %, 48
0, NVIDIA GeForce RTX 3060, 1714 MiB, 12288 MiB, 14 %, 51
1, NVIDIA GeForce RTX 4090, 1501 MiB, 24564 MiB, 8 %, 48
0, NVIDIA GeForce RTX 3060, 1716 MiB, 12288 MiB, 21 %, 51
1, NVIDIA GeForce RTX 4090, 1781 MiB, 24564 MiB, 16 %, 47
0, NVIDIA GeForce RTX 3060, 1716 MiB, 12288 MiB, 12 %, 51
1, NVIDIA GeForce RTX 4090, 1781 MiB, 24564 MiB, 6 %, 46
0, NVIDIA GeForce RTX 3060, 1716 MiB, 12288 MiB, 12 %, 51
1, NVIDIA GeForce RTX 4090, 1781 MiB, 24564 MiB, 8 %, 46
0, NVIDIA GeForce RTX 3060, 1717 MiB, 12288 MiB, 21 %, 51
1, NVIDIA GeForce RTX 4090, 1781 MiB, 24564 MiB, 19 %, 46
0, NVIDIA GeForce RTX 3060, 1715 MiB, 12288 MiB, 22 %, 51
1, NVIDIA GeForce RTX 4090, 1821 MiB, 24564 MiB, 29 %, 45
0, NVIDIA GeForce RTX 3060, 1717 MiB, 12288 MiB, 19 %, 51
1, NVIDIA GeForce RTX 4090, 1821 MiB, 24564 MiB, 9 %, 45
0, NVIDIA GeForce RTX 3060, 1714 MiB, 12288 MiB, 13 %, 51
1, NVIDIA GeForce RTX 4090, 2983 MiB, 24564 MiB, 35 %, 45
0, NVIDIA GeForce RTX 3060, 1714 MiB, 12288 MiB, 12 %, 51
1, NVIDIA GeForce RTX 4090, 6343 MiB, 24564 MiB, 5 %, 46
0, NVIDIA GeForce RTX 3060, 1708 MiB, 12288 MiB, 21 %, 51
1, NVIDIA GeForce RTX 4090, 6883 MiB, 24564 MiB, 8 %, 52
0, NVIDIA GeForce RTX 3060, 1711 MiB, 12288 MiB, 14 %, 50
1, NVIDIA GeForce RTX 4090, 7583 MiB, 24564 MiB, 6 %, 49
0, NVIDIA GeForce RTX 3060, 1713 MiB, 12288 MiB, 19 %, 51
1, NVIDIA GeForce RTX 4090, 7583 MiB, 24564 MiB, 100 %, 54
0, NVIDIA GeForce RTX 3060, 1713 MiB, 12288 MiB, 14 %, 51
1, NVIDIA GeForce RTX 4090, 7583 MiB, 24564 MiB, 7 %, 49
0, NVIDIA GeForce RTX 3060, 1713 MiB, 12288 MiB, 12 %, 50
1, NVIDIA GeForce RTX 4090, 7583 MiB, 24564 MiB, 5 %, 48
0, NVIDIA GeForce RTX 3060, 1715 MiB, 12288 MiB, 16 %, 50
1, NVIDIA GeForce RTX 4090, 7583 MiB, 24564 MiB, 100 %, 66
0, NVIDIA GeForce RTX 3060, 1713 MiB, 12288 MiB, 13 %, 51
1, NVIDIA GeForce RTX 4090, 7583 MiB, 24564 MiB, 7 %, 49
0, NVIDIA GeForce RTX 3060, 1719 MiB, 12288 MiB, 21 %, 50
1, NVIDIA GeForce RTX 4090, 7583 MiB, 24564 MiB, 9 %, 49
0, NVIDIA GeForce RTX 3060, 1709 MiB, 12288 MiB, 14 %, 50
1, NVIDIA GeForce RTX 4090, 7583 MiB, 24564 MiB, 100 %, 68
0, NVIDIA GeForce RTX 3060, 1709 MiB, 12288 MiB, 14 %, 50
1, NVIDIA GeForce RTX 4090, 7583 MiB, 24564 MiB, 4 %, 49
0, NVIDIA GeForce RTX 3060, 1703 MiB, 12288 MiB, 20 %, 50
1, NVIDIA GeForce RTX 4090, 7583 MiB, 24564 MiB, 4 %, 48
0, NVIDIA GeForce RTX 3060, 1713 MiB, 12288 MiB, 12 %, 50
1, NVIDIA GeForce RTX 4090, 7583 MiB, 24564 MiB, 100 %, 65
0, NVIDIA GeForce RTX 3060, 1722 MiB, 12288 MiB, 20 %, 50
1, NVIDIA GeForce RTX 4090, 7583 MiB, 24564 MiB, 9 %, 49
0, NVIDIA GeForce RTX 3060, 1714 MiB, 12288 MiB, 11 %, 50
1, NVIDIA GeForce RTX 4090, 7583 MiB, 24564 MiB, 5 %, 48
0, NVIDIA GeForce RTX 3060, 1714 MiB, 12288 MiB, 14 %, 50
1, NVIDIA GeForce RTX 4090, 7583 MiB, 24564 MiB, 4 %, 52
0, NVIDIA GeForce RTX 3060, 1714 MiB, 12288 MiB, 21 %, 50
1, NVIDIA GeForce RTX 4090, 7583 MiB, 24564 MiB, 10 %, 50
0, NVIDIA GeForce RTX 3060, 1713 MiB, 12288 MiB, 13 %, 50
1, NVIDIA GeForce RTX 4090, 7583 MiB, 24564 MiB, 5 %, 48
0, NVIDIA GeForce RTX 3060, 1713 MiB, 12288 MiB, 17 %, 50
1, NVIDIA GeForce RTX 4090, 7583 MiB, 24564 MiB, 22 %, 52
0, NVIDIA GeForce RTX 3060, 1714 MiB, 12288 MiB, 21 %, 50
1, NVIDIA GeForce RTX 4090, 7583 MiB, 24564 MiB, 7 %, 50
0, NVIDIA GeForce RTX 3060, 1714 MiB, 12288 MiB, 12 %, 50
1, NVIDIA GeForce RTX 4090, 7583 MiB, 24564 MiB, 46 %, 54
0, NVIDIA GeForce RTX 3060, 1714 MiB, 12288 MiB, 12 %, 50
1, NVIDIA GeForce RTX 4090, 7583 MiB, 24564 MiB, 8 %, 51
0, NVIDIA GeForce RTX 3060, 1714 MiB, 12288 MiB, 14 %, 50
1, NVIDIA GeForce RTX 4090, 7583 MiB, 24564 MiB, 3 %, 51
0, NVIDIA GeForce RTX 3060, 1713 MiB, 12288 MiB, 19 %, 50
1, NVIDIA GeForce RTX 4090, 7583 MiB, 24564 MiB, 8 %, 51
0, NVIDIA GeForce RTX 3060, 1703 MiB, 12288 MiB, 19 %, 50
1, NVIDIA GeForce RTX 4090, 7583 MiB, 24564 MiB, 7 %, 50
0, NVIDIA GeForce RTX 3060, 1703 MiB, 12288 MiB, 12 %, 50
1, NVIDIA GeForce RTX 4090, 7583 MiB, 24564 MiB, 100 %, 65
0, NVIDIA GeForce RTX 3060, 1711 MiB, 12288 MiB, 13 %, 50
1, NVIDIA GeForce RTX 4090, 7583 MiB, 24564 MiB, 5 %, 50
0, NVIDIA GeForce RTX 3060, 1711 MiB, 12288 MiB, 14 %, 50
1, NVIDIA GeForce RTX 4090, 7583 MiB, 24564 MiB, 7 %, 50
0, NVIDIA GeForce RTX 3060, 1710 MiB, 12288 MiB, 22 %, 50
1, NVIDIA GeForce RTX 4090, 7583 MiB, 24564 MiB, 21 %, 54
0, NVIDIA GeForce RTX 3060, 1704 MiB, 12288 MiB, 19 %, 50
1, NVIDIA GeForce RTX 4090, 7583 MiB, 24564 MiB, 35 %, 51
0, NVIDIA GeForce RTX 3060, 1704 MiB, 12288 MiB, 12 %, 50
1, NVIDIA GeForce RTX 4090, 7583 MiB, 24564 MiB, 75 %, 54
0, NVIDIA GeForce RTX 3060, 1704 MiB, 12288 MiB, 12 %, 50
1, NVIDIA GeForce RTX 4090, 7583 MiB, 24564 MiB, 8 %, 52
0, NVIDIA GeForce RTX 3060, 1704 MiB, 12288 MiB, 11 %, 50
1, NVIDIA GeForce RTX 4090, 7583 MiB, 24564 MiB, 25 %, 51
0, NVIDIA GeForce RTX 3060, 1704 MiB, 12288 MiB, 21 %, 50
1, NVIDIA GeForce RTX 4090, 7583 MiB, 24564 MiB, 100 %, 70
0, NVIDIA GeForce RTX 3060, 1704 MiB, 12288 MiB, 20 %, 50
1, NVIDIA GeForce RTX 4090, 7583 MiB, 24564 MiB, 6 %, 51
0, NVIDIA GeForce RTX 3060, 1714 MiB, 12288 MiB, 12 %, 50
1, NVIDIA GeForce RTX 4090, 7583 MiB, 24564 MiB, 4 %, 49
0, NVIDIA GeForce RTX 3060, 1714 MiB, 12288 MiB, 13 %, 50
1, NVIDIA GeForce RTX 4090, 7583 MiB, 24564 MiB, 100 %, 70
0, NVIDIA GeForce RTX 3060, 1714 MiB, 12288 MiB, 12 %, 50
1, NVIDIA GeForce RTX 4090, 7583 MiB, 24564 MiB, 7 %, 60
0, NVIDIA GeForce RTX 3060, 1714 MiB, 12288 MiB, 20 %, 50
1, NVIDIA GeForce RTX 4090, 7583 MiB, 24564 MiB, 3 %, 49
0, NVIDIA GeForce RTX 3060, 1722 MiB, 12288 MiB, 21 %, 50
1, NVIDIA GeForce RTX 4090, 7583 MiB, 24564 MiB, 12 %, 54
0, NVIDIA GeForce RTX 3060, 1721 MiB, 12288 MiB, 12 %, 50
1, NVIDIA GeForce RTX 4090, 7583 MiB, 24564 MiB, 44 %, 52
0, NVIDIA GeForce RTX 3060, 1713 MiB, 12288 MiB, 14 %, 50
1, NVIDIA GeForce RTX 4090, 7583 MiB, 24564 MiB, 4 %, 49
0, NVIDIA GeForce RTX 3060, 1717 MiB, 12288 MiB, 12 %, 50
1, NVIDIA GeForce RTX 4090, 7583 MiB, 24564 MiB, 13 %, 54
0, NVIDIA GeForce RTX 3060, 1719 MiB, 12288 MiB, 20 %, 50
1, NVIDIA GeForce RTX 4090, 7583 MiB, 24564 MiB, 10 %, 58
0, NVIDIA GeForce RTX 3060, 1715 MiB, 12288 MiB, 19 %, 50
1, NVIDIA GeForce RTX 4090, 7583 MiB, 24564 MiB, 7 %, 49
0, NVIDIA GeForce RTX 3060, 1725 MiB, 12288 MiB, 11 %, 50
1, NVIDIA GeForce RTX 4090, 7583 MiB, 24564 MiB, 7 %, 56
0, NVIDIA GeForce RTX 3060, 1729 MiB, 12288 MiB, 12 %, 50
1, NVIDIA GeForce RTX 4090, 7583 MiB, 24564 MiB, 9 %, 51
0, NVIDIA GeForce RTX 3060, 1730 MiB, 12288 MiB, 13 %, 50
1, NVIDIA GeForce RTX 4090, 7583 MiB, 24564 MiB, 100 %, 68
0, NVIDIA GeForce RTX 3060, 1724 MiB, 12288 MiB, 22 %, 50
1, NVIDIA GeForce RTX 4090, 7583 MiB, 24564 MiB, 9 %, 52
0, NVIDIA GeForce RTX 3060, 1722 MiB, 12288 MiB, 21 %, 50
1, NVIDIA GeForce RTX 4090, 7583 MiB, 24564 MiB, 10 %, 51
0, NVIDIA GeForce RTX 3060, 1722 MiB, 12288 MiB, 14 %, 50
1, NVIDIA GeForce RTX 4090, 7583 MiB, 24564 MiB, 8 %, 53
0, NVIDIA GeForce RTX 3060, 1720 MiB, 12288 MiB, 12 %, 50
1, NVIDIA GeForce RTX 4090, 7583 MiB, 24564 MiB, 3 %, 51
0, NVIDIA GeForce RTX 3060, 1717 MiB, 12288 MiB, 12 %, 50
1, NVIDIA GeForce RTX 4090, 7583 MiB, 24564 MiB, 100 %, 56
0, NVIDIA GeForce RTX 3060, 1720 MiB, 12288 MiB, 25 %, 50
1, NVIDIA GeForce RTX 4090, 7583 MiB, 24564 MiB, 4 %, 52
0, NVIDIA GeForce RTX 3060, 1720 MiB, 12288 MiB, 26 %, 50
1, NVIDIA GeForce RTX 4090, 7583 MiB, 24564 MiB, 30 %, 52
0, NVIDIA GeForce RTX 3060, 1718 MiB, 12288 MiB, 12 %, 50
1, NVIDIA GeForce RTX 4090, 7583 MiB, 24564 MiB, 100 %, 69
0, NVIDIA GeForce RTX 3060, 1721 MiB, 12288 MiB, 12 %, 49
1, NVIDIA GeForce RTX 4090, 7583 MiB, 24564 MiB, 6 %, 51
0, NVIDIA GeForce RTX 3060, 1721 MiB, 12288 MiB, 12 %, 50
1, NVIDIA GeForce RTX 4090, 7583 MiB, 24564 MiB, 8 %, 51
0, NVIDIA GeForce RTX 3060, 1721 MiB, 12288 MiB, 20 %, 50
1, NVIDIA GeForce RTX 4090, 7583 MiB, 24564 MiB, 2 %, 54
0, NVIDIA GeForce RTX 3060, 1721 MiB, 12288 MiB, 22 %, 50
1, NVIDIA GeForce RTX 4090, 7583 MiB, 24564 MiB, 44 %, 52
0, NVIDIA GeForce RTX 3060, 1721 MiB, 12288 MiB, 12 %, 50
1, NVIDIA GeForce RTX 4090, 7583 MiB, 24564 MiB, 7 %, 50
0, NVIDIA GeForce RTX 3060, 1721 MiB, 12288 MiB, 12 %, 50
1, NVIDIA GeForce RTX 4090, 7583 MiB, 24564 MiB, 1 %, 53
0, NVIDIA GeForce RTX 3060, 1716 MiB, 12288 MiB, 12 %, 49
1, NVIDIA GeForce RTX 4090, 7583 MiB, 24564 MiB, 43 %, 53
0, NVIDIA GeForce RTX 3060, 1716 MiB, 12288 MiB, 20 %, 49
1, NVIDIA GeForce RTX 4090, 7583 MiB, 24564 MiB, 10 %, 50
0, NVIDIA GeForce RTX 3060, 1719 MiB, 12288 MiB, 18 %, 50
1, NVIDIA GeForce RTX 4090, 7583 MiB, 24564 MiB, 7 %, 55
0, NVIDIA GeForce RTX 3060, 1719 MiB, 12288 MiB, 12 %, 50
1, NVIDIA GeForce RTX 4090, 7583 MiB, 24564 MiB, 4 %, 52
0, NVIDIA GeForce RTX 3060, 1721 MiB, 12288 MiB, 12 %, 49
1, NVIDIA GeForce RTX 4090, 7583 MiB, 24564 MiB, 99 %, 56
0, NVIDIA GeForce RTX 3060, 1718 MiB, 12288 MiB, 13 %, 50
1, NVIDIA GeForce RTX 4090, 7583 MiB, 24564 MiB, 6 %, 52
0, NVIDIA GeForce RTX 3060, 1718 MiB, 12288 MiB, 16 %, 49
1, NVIDIA GeForce RTX 4090, 7583 MiB, 24564 MiB, 4 %, 51
0, NVIDIA GeForce RTX 3060, 1723 MiB, 12288 MiB, 23 %, 50
1, NVIDIA GeForce RTX 4090, 7583 MiB, 24564 MiB, 100 %, 68
0, NVIDIA GeForce RTX 3060, 1721 MiB, 12288 MiB, 15 %, 49
1, NVIDIA GeForce RTX 4090, 7583 MiB, 24564 MiB, 8 %, 52
0, NVIDIA GeForce RTX 3060, 1728 MiB, 12288 MiB, 14 %, 49
1, NVIDIA GeForce RTX 4090, 7583 MiB, 24564 MiB, 6 %, 51
0, NVIDIA GeForce RTX 3060, 1718 MiB, 12288 MiB, 16 %, 49
1, NVIDIA GeForce RTX 4090, 7583 MiB, 24564 MiB, 14 %, 56
0, NVIDIA GeForce RTX 3060, 1716 MiB, 12288 MiB, 14 %, 49
1, NVIDIA GeForce RTX 4090, 7583 MiB, 24564 MiB, 45 %, 53
0, NVIDIA GeForce RTX 3060, 1710 MiB, 12288 MiB, 15 %, 50
1, NVIDIA GeForce RTX 4090, 7583 MiB, 24564 MiB, 6 %, 50
0, NVIDIA GeForce RTX 3060, 1715 MiB, 12288 MiB, 30 %, 49
1, NVIDIA GeForce RTX 4090, 7583 MiB, 24564 MiB, 20 %, 55
0, NVIDIA GeForce RTX 3060, 1722 MiB, 12288 MiB, 13 %, 49
1, NVIDIA GeForce RTX 4090, 7583 MiB, 24564 MiB, 35 %, 53
0, NVIDIA GeForce RTX 3060, 1722 MiB, 12288 MiB, 22 %, 49
1, NVIDIA GeForce RTX 4090, 7583 MiB, 24564 MiB, 99 %, 58
0, NVIDIA GeForce RTX 3060, 1722 MiB, 12288 MiB, 13 %, 49
1, NVIDIA GeForce RTX 4090, 7583 MiB, 24564 MiB, 6 %, 52
0, NVIDIA GeForce RTX 3060, 1715 MiB, 12288 MiB, 13 %, 49
1, NVIDIA GeForce RTX 4090, 7583 MiB, 24564 MiB, 10 %, 52
0, NVIDIA GeForce RTX 3060, 1715 MiB, 12288 MiB, 21 %, 49
1, NVIDIA GeForce RTX 4090, 7583 MiB, 24564 MiB, 99 %, 57
0, NVIDIA GeForce RTX 3060, 1719 MiB, 12288 MiB, 12 %, 49
1, NVIDIA GeForce RTX 4090, 7583 MiB, 24564 MiB, 3 %, 52
0, NVIDIA GeForce RTX 3060, 1719 MiB, 12288 MiB, 17 %, 49
1, NVIDIA GeForce RTX 4090, 7583 MiB, 24564 MiB, 5 %, 50
0, NVIDIA GeForce RTX 3060, 1721 MiB, 12288 MiB, 11 %, 49
1, NVIDIA GeForce RTX 4090, 7583 MiB, 24564 MiB, 2 %, 54
0, NVIDIA GeForce RTX 3060, 1717 MiB, 12288 MiB, 12 %, 50
1, NVIDIA GeForce RTX 4090, 7583 MiB, 24564 MiB, 5 %, 52
0, NVIDIA GeForce RTX 3060, 1717 MiB, 12288 MiB, 16 %, 49
1, NVIDIA GeForce RTX 4090, 7583 MiB, 24564 MiB, 6 %, 50
0, NVIDIA GeForce RTX 3060, 1721 MiB, 12288 MiB, 12 %, 49
1, NVIDIA GeForce RTX 4090, 7583 MiB, 24564 MiB, 40 %, 56
0, NVIDIA GeForce RTX 3060, 1719 MiB, 12288 MiB, 16 %, 49
1, NVIDIA GeForce RTX 4090, 7583 MiB, 24564 MiB, 7 %, 52
0, NVIDIA GeForce RTX 3060, 1722 MiB, 12288 MiB, 18 %, 49
1, NVIDIA GeForce RTX 4090, 7583 MiB, 24564 MiB, 6 %, 50
0, NVIDIA GeForce RTX 3060, 1722 MiB, 12288 MiB, 16 %, 49
1, NVIDIA GeForce RTX 4090, 7583 MiB, 24564 MiB, 19 %, 54
0, NVIDIA GeForce RTX 3060, 1721 MiB, 12288 MiB, 21 %, 49
1, NVIDIA GeForce RTX 4090, 7583 MiB, 24564 MiB, 31 %, 53
0, NVIDIA GeForce RTX 3060, 1715 MiB, 12288 MiB, 16 %, 49
1, NVIDIA GeForce RTX 4090, 7583 MiB, 24564 MiB, 100 %, 58
0, NVIDIA GeForce RTX 3060, 1715 MiB, 12288 MiB, 19 %, 49
1, NVIDIA GeForce RTX 4090, 7583 MiB, 24564 MiB, 2 %, 52
0, NVIDIA GeForce RTX 3060, 1722 MiB, 12288 MiB, 16 %, 49
1, NVIDIA GeForce RTX 4090, 7583 MiB, 24564 MiB, 23 %, 54
0, NVIDIA GeForce RTX 3060, 1722 MiB, 12288 MiB, 15 %, 49
1, NVIDIA GeForce RTX 4090, 7583 MiB, 24564 MiB, 99 %, 56
0, NVIDIA GeForce RTX 3060, 1719 MiB, 12288 MiB, 22 %, 49
1, NVIDIA GeForce RTX 4090, 7583 MiB, 24564 MiB, 6 %, 53
0, NVIDIA GeForce RTX 3060, 1715 MiB, 12288 MiB, 14 %, 49
1, NVIDIA GeForce RTX 4090, 7583 MiB, 24564 MiB, 26 %, 52
0, NVIDIA GeForce RTX 3060, 1716 MiB, 12288 MiB, 21 %, 49
1, NVIDIA GeForce RTX 4090, 7583 MiB, 24564 MiB, 100 %, 70
0, NVIDIA GeForce RTX 3060, 1716 MiB, 12288 MiB, 13 %, 49
1, NVIDIA GeForce RTX 4090, 7583 MiB, 24564 MiB, 8 %, 52
0, NVIDIA GeForce RTX 3060, 1716 MiB, 12288 MiB, 13 %, 49
1, NVIDIA GeForce RTX 4090, 7583 MiB, 24564 MiB, 6 %, 52
0, NVIDIA GeForce RTX 3060, 1724 MiB, 12288 MiB, 24 %, 49
1, NVIDIA GeForce RTX 4090, 7583 MiB, 24564 MiB, 100 %, 71
0, NVIDIA GeForce RTX 3060, 1723 MiB, 12288 MiB, 12 %, 49
1, NVIDIA GeForce RTX 4090, 7583 MiB, 24564 MiB, 6 %, 52
0, NVIDIA GeForce RTX 3060, 1713 MiB, 12288 MiB, 18 %, 49
1, NVIDIA GeForce RTX 4090, 7583 MiB, 24564 MiB, 5 %, 51
0, NVIDIA GeForce RTX 3060, 1713 MiB, 12288 MiB, 12 %, 49
1, NVIDIA GeForce RTX 4090, 7583 MiB, 24564 MiB, 22 %, 56
0, NVIDIA GeForce RTX 3060, 1713 MiB, 12288 MiB, 12 %, 49
1, NVIDIA GeForce RTX 4090, 7583 MiB, 24564 MiB, 5 %, 52
0, NVIDIA GeForce RTX 3060, 1713 MiB, 12288 MiB, 21 %, 49
1, NVIDIA GeForce RTX 4090, 7583 MiB, 24564 MiB, 8 %, 51
0, NVIDIA GeForce RTX 3060, 1713 MiB, 12288 MiB, 13 %, 49
1, NVIDIA GeForce RTX 4090, 7583 MiB, 24564 MiB, 40 %, 56
0, NVIDIA GeForce RTX 3060, 1713 MiB, 12288 MiB, 18 %, 49
1, NVIDIA GeForce RTX 4090, 7583 MiB, 24564 MiB, 45 %, 53
0, NVIDIA GeForce RTX 3060, 1713 MiB, 12288 MiB, 16 %, 49
1, NVIDIA GeForce RTX 4090, 7583 MiB, 24564 MiB, 4 %, 50
0, NVIDIA GeForce RTX 3060, 1702 MiB, 12288 MiB, 15 %, 49
1, NVIDIA GeForce RTX 4090, 7583 MiB, 24564 MiB, 6 %, 55
0, NVIDIA GeForce RTX 3060, 1709 MiB, 12288 MiB, 21 %, 49
1, NVIDIA GeForce RTX 4090, 7583 MiB, 24564 MiB, 9 %, 52
0, NVIDIA GeForce RTX 3060, 1709 MiB, 12288 MiB, 17 %, 49
1, NVIDIA GeForce RTX 4090, 7583 MiB, 24564 MiB, 100 %, 61
0, NVIDIA GeForce RTX 3060, 1709 MiB, 12288 MiB, 20 %, 49
1, NVIDIA GeForce RTX 4090, 7583 MiB, 24564 MiB, 7 %, 53
0, NVIDIA GeForce RTX 3060, 1713 MiB, 12288 MiB, 15 %, 49
1, NVIDIA GeForce RTX 4090, 7583 MiB, 24564 MiB, 8 %, 52
0, NVIDIA GeForce RTX 3060, 1713 MiB, 12288 MiB, 15 %, 49
1, NVIDIA GeForce RTX 4090, 7583 MiB, 24564 MiB, 6 %, 58
0, NVIDIA GeForce RTX 3060, 1713 MiB, 12288 MiB, 21 %, 49
1, NVIDIA GeForce RTX 4090, 7583 MiB, 24564 MiB, 6 %, 54
0, NVIDIA GeForce RTX 3060, 1713 MiB, 12288 MiB, 13 %, 49
1, NVIDIA GeForce RTX 4090, 7583 MiB, 24564 MiB, 100 %, 57
0, NVIDIA GeForce RTX 3060, 1713 MiB, 12288 MiB, 21 %, 49
1, NVIDIA GeForce RTX 4090, 7583 MiB, 24564 MiB, 8 %, 53
0, NVIDIA GeForce RTX 3060, 1713 MiB, 12288 MiB, 13 %, 49
1, NVIDIA GeForce RTX 4090, 7583 MiB, 24564 MiB, 30 %, 56
0, NVIDIA GeForce RTX 3060, 1713 MiB, 12288 MiB, 13 %, 49
1, NVIDIA GeForce RTX 4090, 7583 MiB, 24564 MiB, 100 %, 71
0, NVIDIA GeForce RTX 3060, 1721 MiB, 12288 MiB, 21 %, 49
1, NVIDIA GeForce RTX 4090, 7583 MiB, 24564 MiB, 13 %, 52
0, NVIDIA GeForce RTX 3060, 1722 MiB, 12288 MiB, 15 %, 49
1, NVIDIA GeForce RTX 4090, 7583 MiB, 24564 MiB, 6 %, 51
0, NVIDIA GeForce RTX 3060, 1714 MiB, 12288 MiB, 22 %, 49
1, NVIDIA GeForce RTX 4090, 7583 MiB, 24564 MiB, 5 %, 54
0, NVIDIA GeForce RTX 3060, 1716 MiB, 12288 MiB, 15 %, 49
1, NVIDIA GeForce RTX 4090, 7583 MiB, 24564 MiB, 44 %, 63
0, NVIDIA GeForce RTX 3060, 1719 MiB, 12288 MiB, 12 %, 49
1, NVIDIA GeForce RTX 4090, 7583 MiB, 24564 MiB, 6 %, 51
0, NVIDIA GeForce RTX 3060, 1719 MiB, 12288 MiB, 21 %, 49
1, NVIDIA GeForce RTX 4090, 7583 MiB, 24564 MiB, 6 %, 55
0, NVIDIA GeForce RTX 3060, 1716 MiB, 12288 MiB, 20 %, 49
1, NVIDIA GeForce RTX 4090, 7583 MiB, 24564 MiB, 29 %, 52
0, NVIDIA GeForce RTX 3060, 1716 MiB, 12288 MiB, 25 %, 49
1, NVIDIA GeForce RTX 4090, 7583 MiB, 24564 MiB, 100 %, 69
0, NVIDIA GeForce RTX 3060, 1715 MiB, 12288 MiB, 26 %, 49
1, NVIDIA GeForce RTX 4090, 7583 MiB, 24564 MiB, 5 %, 53
0, NVIDIA GeForce RTX 3060, 1717 MiB, 12288 MiB, 20 %, 49
1, NVIDIA GeForce RTX 4090, 7583 MiB, 24564 MiB, 8 %, 53
0, NVIDIA GeForce RTX 3060, 1717 MiB, 12288 MiB, 21 %, 49
1, NVIDIA GeForce RTX 4090, 7583 MiB, 24564 MiB, 100 %, 71
0, NVIDIA GeForce RTX 3060, 1714 MiB, 12288 MiB, 18 %, 49
1, NVIDIA GeForce RTX 4090, 7583 MiB, 24564 MiB, 7 %, 53
0, NVIDIA GeForce RTX 3060, 1714 MiB, 12288 MiB, 24 %, 49
1, NVIDIA GeForce RTX 4090, 7583 MiB, 24564 MiB, 1 %, 51
0, NVIDIA GeForce RTX 3060, 1716 MiB, 12288 MiB, 25 %, 49
1, NVIDIA GeForce RTX 4090, 7583 MiB, 24564 MiB, 19 %, 57
0, NVIDIA GeForce RTX 3060, 1716 MiB, 12288 MiB, 19 %, 49
1, NVIDIA GeForce RTX 4090, 7583 MiB, 24564 MiB, 6 %, 52
0, NVIDIA GeForce RTX 3060, 1715 MiB, 12288 MiB, 20 %, 49
1, NVIDIA GeForce RTX 4090, 7583 MiB, 24564 MiB, 3 %, 51
0, NVIDIA GeForce RTX 3060, 1715 MiB, 12288 MiB, 17 %, 49
1, NVIDIA GeForce RTX 4090, 7583 MiB, 24564 MiB, 6 %, 57
0, NVIDIA GeForce RTX 3060, 1713 MiB, 12288 MiB, 28 %, 49
1, NVIDIA GeForce RTX 4090, 7583 MiB, 24564 MiB, 99 %, 60
0, NVIDIA GeForce RTX 3060, 1715 MiB, 12288 MiB, 27 %, 49
1, NVIDIA GeForce RTX 4090, 7583 MiB, 24564 MiB, 100 %, 73
0, NVIDIA GeForce RTX 3060, 1715 MiB, 12288 MiB, 18 %, 49
1, NVIDIA GeForce RTX 4090, 7583 MiB, 24564 MiB, 99 %, 66
0, NVIDIA GeForce RTX 3060, 1716 MiB, 12288 MiB, 14 %, 49
1, NVIDIA GeForce RTX 4090, 7583 MiB, 24564 MiB, 100 %, 73
0, NVIDIA GeForce RTX 3060, 1716 MiB, 12288 MiB, 22 %, 49
1, NVIDIA GeForce RTX 4090, 7583 MiB, 24564 MiB, 100 %, 76
0, NVIDIA GeForce RTX 3060, 1714 MiB, 12288 MiB, 25 %, 49
1, NVIDIA GeForce RTX 4090, 7583 MiB, 24564 MiB, 98 %, 69
0, NVIDIA GeForce RTX 3060, 1714 MiB, 12288 MiB, 22 %, 49
1, NVIDIA GeForce RTX 4090, 7583 MiB, 24564 MiB, 100 %, 76
0, NVIDIA GeForce RTX 3060, 1713 MiB, 12288 MiB, 16 %, 49
1, NVIDIA GeForce RTX 4090, 7583 MiB, 24564 MiB, 100 %, 77
0, NVIDIA GeForce RTX 3060, 1703 MiB, 12288 MiB, 13 %, 49
1, NVIDIA GeForce RTX 4090, 7583 MiB, 24564 MiB, 98 %, 65
0, NVIDIA GeForce RTX 3060, 1713 MiB, 12288 MiB, 12 %, 49
1, NVIDIA GeForce RTX 4090, 7583 MiB, 24564 MiB, 100 %, 77
0, NVIDIA GeForce RTX 3060, 1713 MiB, 12288 MiB, 18 %, 49
1, NVIDIA GeForce RTX 4090, 7583 MiB, 24564 MiB, 99 %, 72
0, NVIDIA GeForce RTX 3060, 1713 MiB, 12288 MiB, 17 %, 49
1, NVIDIA GeForce RTX 4090, 7583 MiB, 24564 MiB, 100 %, 75
0, NVIDIA GeForce RTX 3060, 1713 MiB, 12288 MiB, 19 %, 49
1, NVIDIA GeForce RTX 4090, 7583 MiB, 24564 MiB, 100 %, 78
0, NVIDIA GeForce RTX 3060, 1713 MiB, 12288 MiB, 17 %, 49
1, NVIDIA GeForce RTX 4090, 7583 MiB, 24564 MiB, 98 %, 64
0, NVIDIA GeForce RTX 3060, 1713 MiB, 12288 MiB, 17 %, 49
1, NVIDIA GeForce RTX 4090, 7583 MiB, 24564 MiB, 100 %, 77
0, NVIDIA GeForce RTX 3060, 1703 MiB, 12288 MiB, 22 %, 49
1, NVIDIA GeForce RTX 4090, 7583 MiB, 24564 MiB, 100 %, 79
0, NVIDIA GeForce RTX 3060, 1703 MiB, 12288 MiB, 22 %, 49
1, NVIDIA GeForce RTX 4090, 7583 MiB, 24564 MiB, 98 %, 66
0, NVIDIA GeForce RTX 3060, 1703 MiB, 12288 MiB, 17 %, 49
1, NVIDIA GeForce RTX 4090, 7583 MiB, 24564 MiB, 99 %, 78
0, NVIDIA GeForce RTX 3060, 1709 MiB, 12288 MiB, 18 %, 49
1, NVIDIA GeForce RTX 4090, 7583 MiB, 24564 MiB, 99 %, 72
0, NVIDIA GeForce RTX 3060, 1709 MiB, 12288 MiB, 13 %, 49
1, NVIDIA GeForce RTX 4090, 7583 MiB, 24564 MiB, 100 %, 78
0, NVIDIA GeForce RTX 3060, 1719 MiB, 12288 MiB, 27 %, 50
1, NVIDIA GeForce RTX 4090, 7583 MiB, 24564 MiB, 100 %, 79
0, NVIDIA GeForce RTX 3060, 1714 MiB, 12288 MiB, 26 %, 49
1, NVIDIA GeForce RTX 4090, 7583 MiB, 24564 MiB, 98 %, 69
0, NVIDIA GeForce RTX 3060, 1714 MiB, 12288 MiB, 14 %, 49
1, NVIDIA GeForce RTX 4090, 7583 MiB, 24564 MiB, 100 %, 79
0, NVIDIA GeForce RTX 3060, 1714 MiB, 12288 MiB, 14 %, 50
1, NVIDIA GeForce RTX 4090, 7583 MiB, 24564 MiB, 99 %, 80
0, NVIDIA GeForce RTX 3060, 1714 MiB, 12288 MiB, 13 %, 50
1, NVIDIA GeForce RTX 4090, 7583 MiB, 24564 MiB, 99 %, 75
0, NVIDIA GeForce RTX 3060, 1713 MiB, 12288 MiB, 23 %, 50
1, NVIDIA GeForce RTX 4090, 7583 MiB, 24564 MiB, 100 %, 80
0, NVIDIA GeForce RTX 3060, 1713 MiB, 12288 MiB, 24 %, 50
1, NVIDIA GeForce RTX 4090, 7583 MiB, 24564 MiB, 98 %, 67
0, NVIDIA GeForce RTX 3060, 1702 MiB, 12288 MiB, 20 %, 50
1, NVIDIA GeForce RTX 4090, 7583 MiB, 24564 MiB, 100 %, 79
0, NVIDIA GeForce RTX 3060, 1702 MiB, 12288 MiB, 16 %, 50
1, NVIDIA GeForce RTX 4090, 7583 MiB, 24564 MiB, 100 %, 80
0, NVIDIA GeForce RTX 3060, 1702 MiB, 12288 MiB, 20 %, 50
1, NVIDIA GeForce RTX 4090, 7583 MiB, 24564 MiB, 99 %, 73
0, NVIDIA GeForce RTX 3060, 1702 MiB, 12288 MiB, 20 %, 50
1, NVIDIA GeForce RTX 4090, 7583 MiB, 24564 MiB, 100 %, 80
0, NVIDIA GeForce RTX 3060, 1702 MiB, 12288 MiB, 28 %, 50
1, NVIDIA GeForce RTX 4090, 7583 MiB, 24564 MiB, 99 %, 81
0, NVIDIA GeForce RTX 3060, 1713 MiB, 12288 MiB, 18 %, 50
1, NVIDIA GeForce RTX 4090, 7583 MiB, 24564 MiB, 99 %, 73
0, NVIDIA GeForce RTX 3060, 1714 MiB, 12288 MiB, 20 %, 50
1, NVIDIA GeForce RTX 4090, 7583 MiB, 24564 MiB, 100 %, 80
0, NVIDIA GeForce RTX 3060, 1714 MiB, 12288 MiB, 22 %, 50
1, NVIDIA GeForce RTX 4090, 7583 MiB, 24564 MiB, 99 %, 70
0, NVIDIA GeForce RTX 3060, 1720 MiB, 12288 MiB, 23 %, 50
1, NVIDIA GeForce RTX 4090, 7583 MiB, 24564 MiB, 100 %, 79
0, NVIDIA GeForce RTX 3060, 1720 MiB, 12288 MiB, 24 %, 50
1, NVIDIA GeForce RTX 4090, 7583 MiB, 24564 MiB, 100 %, 80
0, NVIDIA GeForce RTX 3060, 1719 MiB, 12288 MiB, 16 %, 50
1, NVIDIA GeForce RTX 4090, 7583 MiB, 24564 MiB, 98 %, 70
0, NVIDIA GeForce RTX 3060, 1707 MiB, 12288 MiB, 15 %, 50
1, NVIDIA GeForce RTX 4090, 7583 MiB, 24564 MiB, 100 %, 81
0, NVIDIA GeForce RTX 3060, 1703 MiB, 12288 MiB, 22 %, 50
1, NVIDIA GeForce RTX 4090, 7583 MiB, 24564 MiB, 100 %, 76
0, NVIDIA GeForce RTX 3060, 1703 MiB, 12288 MiB, 24 %, 50
1, NVIDIA GeForce RTX 4090, 7583 MiB, 24564 MiB, 98 %, 68
0, NVIDIA GeForce RTX 3060, 1703 MiB, 12288 MiB, 27 %, 50
1, NVIDIA GeForce RTX 4090, 7583 MiB, 24564 MiB, 100 %, 81
0, NVIDIA GeForce RTX 3060, 1703 MiB, 12288 MiB, 19 %, 50
1, NVIDIA GeForce RTX 4090, 7583 MiB, 24564 MiB, 99 %, 76
0, NVIDIA GeForce RTX 3060, 1713 MiB, 12288 MiB, 14 %, 50
1, NVIDIA GeForce RTX 4090, 7583 MiB, 24564 MiB, 99 %, 81
0, NVIDIA GeForce RTX 3060, 1714 MiB, 12288 MiB, 21 %, 50
1, NVIDIA GeForce RTX 4090, 7583 MiB, 24564 MiB, 100 %, 82
0, NVIDIA GeForce RTX 3060, 1714 MiB, 12288 MiB, 11 %, 50
1, NVIDIA GeForce RTX 4090, 7583 MiB, 24564 MiB, 100 %, 69
0, NVIDIA GeForce RTX 3060, 1732 MiB, 12288 MiB, 14 %, 50
1, NVIDIA GeForce RTX 4090, 7583 MiB, 24564 MiB, 100 %, 82
0, NVIDIA GeForce RTX 3060, 1735 MiB, 12288 MiB, 19 %, 50
1, NVIDIA GeForce RTX 4090, 7583 MiB, 24564 MiB, 100 %, 82
0, NVIDIA GeForce RTX 3060, 1735 MiB, 12288 MiB, 13 %, 50
1, NVIDIA GeForce RTX 4090, 7583 MiB, 24564 MiB, 99 %, 78
0, NVIDIA GeForce RTX 3060, 1735 MiB, 12288 MiB, 14 %, 50
1, NVIDIA GeForce RTX 4090, 7583 MiB, 24564 MiB, 100 %, 82
0, NVIDIA GeForce RTX 3060, 1728 MiB, 12288 MiB, 13 %, 51
1, NVIDIA GeForce RTX 4090, 7583 MiB, 24564 MiB, 99 %, 69
0, NVIDIA GeForce RTX 3060, 1723 MiB, 12288 MiB, 15 %, 51
1, NVIDIA GeForce RTX 4090, 7583 MiB, 24564 MiB, 99 %, 81
0, NVIDIA GeForce RTX 3060, 1713 MiB, 12288 MiB, 19 %, 50
1, NVIDIA GeForce RTX 4090, 7583 MiB, 24564 MiB, 100 %, 83
0, NVIDIA GeForce RTX 3060, 1708 MiB, 12288 MiB, 11 %, 51
1, NVIDIA GeForce RTX 4090, 7583 MiB, 24564 MiB, 99 %, 73
0, NVIDIA GeForce RTX 3060, 1703 MiB, 12288 MiB, 20 %, 51
1, NVIDIA GeForce RTX 4090, 7583 MiB, 24564 MiB, 100 %, 81
0, NVIDIA GeForce RTX 3060, 1708 MiB, 12288 MiB, 12 %, 51
1, NVIDIA GeForce RTX 4090, 7583 MiB, 24564 MiB, 100 %, 83
0, NVIDIA GeForce RTX 3060, 1709 MiB, 12288 MiB, 11 %, 51
1, NVIDIA GeForce RTX 4090, 7583 MiB, 24564 MiB, 98 %, 74
0, NVIDIA GeForce RTX 3060, 1709 MiB, 12288 MiB, 20 %, 51
1, NVIDIA GeForce RTX 4090, 7583 MiB, 24564 MiB, 100 %, 82
0, NVIDIA GeForce RTX 3060, 1709 MiB, 12288 MiB, 14 %, 51
1, NVIDIA GeForce RTX 4090, 7583 MiB, 24564 MiB, 100 %, 73
0, NVIDIA GeForce RTX 3060, 1709 MiB, 12288 MiB, 18 %, 51
1, NVIDIA GeForce RTX 4090, 7583 MiB, 24564 MiB, 99 %, 80
0, NVIDIA GeForce RTX 3060, 1708 MiB, 12288 MiB, 13 %, 51
1, NVIDIA GeForce RTX 4090, 7583 MiB, 24564 MiB, 100 %, 83
0, NVIDIA GeForce RTX 3060, 1705 MiB, 12288 MiB, 14 %, 51
1, NVIDIA GeForce RTX 4090, 7583 MiB, 24564 MiB, 99 %, 74
0, NVIDIA GeForce RTX 3060, 1703 MiB, 12288 MiB, 20 %, 51
1, NVIDIA GeForce RTX 4090, 7583 MiB, 24564 MiB, 100 %, 82
0, NVIDIA GeForce RTX 3060, 1703 MiB, 12288 MiB, 12 %, 51
1, NVIDIA GeForce RTX 4090, 7583 MiB, 24564 MiB, 100 %, 82
0, NVIDIA GeForce RTX 3060, 1705 MiB, 12288 MiB, 31 %, 51
1, NVIDIA GeForce RTX 4090, 7583 MiB, 24564 MiB, 99 %, 70
0, NVIDIA GeForce RTX 3060, 1703 MiB, 12288 MiB, 12 %, 51
1, NVIDIA GeForce RTX 4090, 7583 MiB, 24564 MiB, 100 %, 83
0, NVIDIA GeForce RTX 3060, 1713 MiB, 12288 MiB, 13 %, 51
1, NVIDIA GeForce RTX 4090, 7583 MiB, 24564 MiB, 100 %, 83
0, NVIDIA GeForce RTX 3060, 1713 MiB, 12288 MiB, 16 %, 51
1, NVIDIA GeForce RTX 4090, 7583 MiB, 24564 MiB, 99 %, 72
0, NVIDIA GeForce RTX 3060, 1718 MiB, 12288 MiB, 12 %, 51
1, NVIDIA GeForce RTX 4090, 7583 MiB, 24564 MiB, 99 %, 81
0, NVIDIA GeForce RTX 3060, 1722 MiB, 12288 MiB, 21 %, 51
1, NVIDIA GeForce RTX 4090, 7583 MiB, 24564 MiB, 100 %, 83
0, NVIDIA GeForce RTX 3060, 1724 MiB, 12288 MiB, 12 %, 51
1, NVIDIA GeForce RTX 4090, 7583 MiB, 24564 MiB, 99 %, 71
0, NVIDIA GeForce RTX 3060, 1722 MiB, 12288 MiB, 13 %, 51
1, NVIDIA GeForce RTX 4090, 7583 MiB, 24564 MiB, 100 %, 82
0, NVIDIA GeForce RTX 3060, 1718 MiB, 12288 MiB, 20 %, 51
1, NVIDIA GeForce RTX 4090, 7583 MiB, 24564 MiB, 100 %, 82
0, NVIDIA GeForce RTX 3060, 1708 MiB, 12288 MiB, 13 %, 51
1, NVIDIA GeForce RTX 4090, 7583 MiB, 24564 MiB, 99 %, 69
0, NVIDIA GeForce RTX 3060, 1703 MiB, 12288 MiB, 20 %, 51
1, NVIDIA GeForce RTX 4090, 7583 MiB, 24564 MiB, 100 %, 83
0, NVIDIA GeForce RTX 3060, 1703 MiB, 12288 MiB, 13 %, 51
1, NVIDIA GeForce RTX 4090, 7583 MiB, 24564 MiB, 100 %, 78
0, NVIDIA GeForce RTX 3060, 1703 MiB, 12288 MiB, 14 %, 51
1, NVIDIA GeForce RTX 4090, 7583 MiB, 24564 MiB, 99 %, 80
0, NVIDIA GeForce RTX 3060, 1703 MiB, 12288 MiB, 18 %, 51
1, NVIDIA GeForce RTX 4090, 7583 MiB, 24564 MiB, 100 %, 83
0, NVIDIA GeForce RTX 3060, 1713 MiB, 12288 MiB, 13 %, 52
1, NVIDIA GeForce RTX 4090, 7583 MiB, 24564 MiB, 99 %, 74
0, NVIDIA GeForce RTX 3060, 1714 MiB, 12288 MiB, 12 %, 52
1, NVIDIA GeForce RTX 4090, 7583 MiB, 24564 MiB, 99 %, 83
0, NVIDIA GeForce RTX 3060, 1720 MiB, 12288 MiB, 10 %, 52
1, NVIDIA GeForce RTX 4090, 7583 MiB, 24564 MiB, 100 %, 84
0, NVIDIA GeForce RTX 3060, 1720 MiB, 12288 MiB, 18 %, 52
1, NVIDIA GeForce RTX 4090, 7583 MiB, 24564 MiB, 99 %, 75
0, NVIDIA GeForce RTX 3060, 1719 MiB, 12288 MiB, 19 %, 52
1, NVIDIA GeForce RTX 4090, 7583 MiB, 24564 MiB, 100 %, 83
0, NVIDIA GeForce RTX 3060, 1713 MiB, 12288 MiB, 13 %, 52
1, NVIDIA GeForce RTX 4090, 7583 MiB, 24564 MiB, 100 %, 84
0, NVIDIA GeForce RTX 3060, 1713 MiB, 12288 MiB, 10 %, 52
1, NVIDIA GeForce RTX 4090, 7583 MiB, 24564 MiB, 98 %, 77
0, NVIDIA GeForce RTX 3060, 1702 MiB, 12288 MiB, 16 %, 52
1, NVIDIA GeForce RTX 4090, 7583 MiB, 24564 MiB, 100 %, 84
0, NVIDIA GeForce RTX 3060, 1702 MiB, 12288 MiB, 15 %, 52
1, NVIDIA GeForce RTX 4090, 7583 MiB, 24564 MiB, 99 %, 73
0, NVIDIA GeForce RTX 3060, 1702 MiB, 12288 MiB, 18 %, 52
1, NVIDIA GeForce RTX 4090, 7583 MiB, 24564 MiB, 100 %, 82
0, NVIDIA GeForce RTX 3060, 1708 MiB, 12288 MiB, 10 %, 52
1, NVIDIA GeForce RTX 4090, 7583 MiB, 24564 MiB, 100 %, 84
0, NVIDIA GeForce RTX 3060, 1708 MiB, 12288 MiB, 12 %, 52
1, NVIDIA GeForce RTX 4090, 7583 MiB, 24564 MiB, 98 %, 74
0, NVIDIA GeForce RTX 3060, 1708 MiB, 12288 MiB, 14 %, 52
1, NVIDIA GeForce RTX 4090, 7583 MiB, 24564 MiB, 100 %, 83
0, NVIDIA GeForce RTX 3060, 1708 MiB, 12288 MiB, 16 %, 52
1, NVIDIA GeForce RTX 4090, 7583 MiB, 24564 MiB, 100 %, 84
0, NVIDIA GeForce RTX 3060, 1708 MiB, 12288 MiB, 16 %, 52
1, NVIDIA GeForce RTX 4090, 7583 MiB, 24564 MiB, 99 %, 70
0, NVIDIA GeForce RTX 3060, 1708 MiB, 12288 MiB, 13 %, 52
1, NVIDIA GeForce RTX 4090, 7583 MiB, 24564 MiB, 100 %, 84
0, NVIDIA GeForce RTX 3060, 1708 MiB, 12288 MiB, 12 %, 52
1, NVIDIA GeForce RTX 4090, 7583 MiB, 24564 MiB, 99 %, 78
0, NVIDIA GeForce RTX 3060, 1704 MiB, 12288 MiB, 17 %, 52
1, NVIDIA GeForce RTX 4090, 7583 MiB, 24564 MiB, 100 %, 83
0, NVIDIA GeForce RTX 3060, 1704 MiB, 12288 MiB, 15 %, 52
1, NVIDIA GeForce RTX 4090, 7583 MiB, 24564 MiB, 100 %, 84
0, NVIDIA GeForce RTX 3060, 1704 MiB, 12288 MiB, 19 %, 52
1, NVIDIA GeForce RTX 4090, 7583 MiB, 24564 MiB, 99 %, 70
0, NVIDIA GeForce RTX 3060, 1710 MiB, 12288 MiB, 13 %, 52
1, NVIDIA GeForce RTX 4090, 7583 MiB, 24564 MiB, 100 %, 84
0, NVIDIA GeForce RTX 3060, 1710 MiB, 12288 MiB, 12 %, 52
1, NVIDIA GeForce RTX 4090, 7583 MiB, 24564 MiB, 100 %, 82
0, NVIDIA GeForce RTX 3060, 1710 MiB, 12288 MiB, 16 %, 52
1, NVIDIA GeForce RTX 4090, 7583 MiB, 24564 MiB, 99 %, 80
0, NVIDIA GeForce RTX 3060, 1714 MiB, 12288 MiB, 20 %, 52
1, NVIDIA GeForce RTX 4090, 7583 MiB, 24564 MiB, 100 %, 84
0, NVIDIA GeForce RTX 3060, 1715 MiB, 12288 MiB, 19 %, 53
1, NVIDIA GeForce RTX 4090, 7583 MiB, 24564 MiB, 99 %, 71
0, NVIDIA GeForce RTX 3060, 1714 MiB, 12288 MiB, 12 %, 52
1, NVIDIA GeForce RTX 4090, 7583 MiB, 24564 MiB, 99 %, 83
0, NVIDIA GeForce RTX 3060, 1714 MiB, 12288 MiB, 12 %, 53
1, NVIDIA GeForce RTX 4090, 7583 MiB, 24564 MiB, 100 %, 84
0, NVIDIA GeForce RTX 3060, 1714 MiB, 12288 MiB, 16 %, 53
1, NVIDIA GeForce RTX 4090, 7583 MiB, 24564 MiB, 99 %, 77
0, NVIDIA GeForce RTX 3060, 1713 MiB, 12288 MiB, 17 %, 53
1, NVIDIA GeForce RTX 4090, 7583 MiB, 24564 MiB, 100 %, 83
0, NVIDIA GeForce RTX 3060, 1713 MiB, 12288 MiB, 14 %, 53
1, NVIDIA GeForce RTX 4090, 7583 MiB, 24564 MiB, 100 %, 84
0, NVIDIA GeForce RTX 3060, 1702 MiB, 12288 MiB, 10 %, 53
1, NVIDIA GeForce RTX 4090, 7583 MiB, 24564 MiB, 99 %, 76
0, NVIDIA GeForce RTX 3060, 1702 MiB, 12288 MiB, 11 %, 53
1, NVIDIA GeForce RTX 4090, 7583 MiB, 24564 MiB, 100 %, 83
0, NVIDIA GeForce RTX 3060, 1713 MiB, 12288 MiB, 13 %, 53
1, NVIDIA GeForce RTX 4090, 7583 MiB, 24564 MiB, 100 %, 78
0, NVIDIA GeForce RTX 3060, 1714 MiB, 12288 MiB, 17 %, 53
1, NVIDIA GeForce RTX 4090, 7583 MiB, 24564 MiB, 98 %, 82
0, NVIDIA GeForce RTX 3060, 1714 MiB, 12288 MiB, 16 %, 53
1, NVIDIA GeForce RTX 4090, 7583 MiB, 24564 MiB, 100 %, 83
0, NVIDIA GeForce RTX 3060, 1716 MiB, 12288 MiB, 11 %, 53
1, NVIDIA GeForce RTX 4090, 7583 MiB, 24564 MiB, 99 %, 78
0, NVIDIA GeForce RTX 3060, 1716 MiB, 12288 MiB, 11 %, 53
1, NVIDIA GeForce RTX 4090, 7583 MiB, 24564 MiB, 99 %, 83
0, NVIDIA GeForce RTX 3060, 1715 MiB, 12288 MiB, 15 %, 53
1, NVIDIA GeForce RTX 4090, 7583 MiB, 24564 MiB, 100 %, 84
0, NVIDIA GeForce RTX 3060, 1713 MiB, 12288 MiB, 17 %, 53
1, NVIDIA GeForce RTX 4090, 7583 MiB, 24564 MiB, 100 %, 72
0, NVIDIA GeForce RTX 3060, 1713 MiB, 12288 MiB, 19 %, 53
1, NVIDIA GeForce RTX 4090, 7583 MiB, 24564 MiB, 100 %, 83
0, NVIDIA GeForce RTX 3060, 1713 MiB, 12288 MiB, 14 %, 53
1, NVIDIA GeForce RTX 4090, 7583 MiB, 24564 MiB, 100 %, 84
0, NVIDIA GeForce RTX 3060, 1703 MiB, 12288 MiB, 12 %, 53
1, NVIDIA GeForce RTX 4090, 7583 MiB, 24564 MiB, 98 %, 80
0, NVIDIA GeForce RTX 3060, 1703 MiB, 12288 MiB, 14 %, 53
1, NVIDIA GeForce RTX 4090, 7583 MiB, 24564 MiB, 100 %, 83
0, NVIDIA GeForce RTX 3060, 1703 MiB, 12288 MiB, 23 %, 53
1, NVIDIA GeForce RTX 4090, 7583 MiB, 24564 MiB, 100 %, 71
0, NVIDIA GeForce RTX 3060, 1703 MiB, 12288 MiB, 15 %, 53
1, NVIDIA GeForce RTX 4090, 7583 MiB, 24564 MiB, 99 %, 82
0, NVIDIA GeForce RTX 3060, 1703 MiB, 12288 MiB, 12 %, 53
1, NVIDIA GeForce RTX 4090, 7583 MiB, 24564 MiB, 100 %, 84
0, NVIDIA GeForce RTX 3060, 1703 MiB, 12288 MiB, 13 %, 53
1, NVIDIA GeForce RTX 4090, 7583 MiB, 24564 MiB, 99 %, 73
0, NVIDIA GeForce RTX 3060, 1703 MiB, 12288 MiB, 16 %, 53
1, NVIDIA GeForce RTX 4090, 7583 MiB, 24564 MiB, 100 %, 83
0, NVIDIA GeForce RTX 3060, 1703 MiB, 12288 MiB, 12 %, 53
1, NVIDIA GeForce RTX 4090, 7583 MiB, 24564 MiB, 100 %, 84
0, NVIDIA GeForce RTX 3060, 1703 MiB, 12288 MiB, 13 %, 53
1, NVIDIA GeForce RTX 4090, 7583 MiB, 24564 MiB, 99 %, 74
0, NVIDIA GeForce RTX 3060, 1703 MiB, 12288 MiB, 14 %, 53
1, NVIDIA GeForce RTX 4090, 7583 MiB, 24564 MiB, 99 %, 79
0, NVIDIA GeForce RTX 3060, 1703 MiB, 12288 MiB, 13 %, 53
1, NVIDIA GeForce RTX 4090, 7583 MiB, 24564 MiB, 100 %, 84
0, NVIDIA GeForce RTX 3060, 1703 MiB, 12288 MiB, 15 %, 53
1, NVIDIA GeForce RTX 4090, 7583 MiB, 24564 MiB, 100 %, 71
0, NVIDIA GeForce RTX 3060, 1703 MiB, 12288 MiB, 15 %, 53
1, NVIDIA GeForce RTX 4090, 7583 MiB, 24564 MiB, 99 %, 83
0, NVIDIA GeForce RTX 3060, 1703 MiB, 12288 MiB, 15 %, 53
1, NVIDIA GeForce RTX 4090, 7583 MiB, 24564 MiB, 100 %, 84
0, NVIDIA GeForce RTX 3060, 1703 MiB, 12288 MiB, 21 %, 53
1, NVIDIA GeForce RTX 4090, 7583 MiB, 24564 MiB, 99 %, 73
0, NVIDIA GeForce RTX 3060, 1703 MiB, 12288 MiB, 13 %, 53
1, NVIDIA GeForce RTX 4090, 7583 MiB, 24564 MiB, 100 %, 83
0, NVIDIA GeForce RTX 3060, 1703 MiB, 12288 MiB, 16 %, 54
1, NVIDIA GeForce RTX 4090, 7583 MiB, 24564 MiB, 100 %, 84
0, NVIDIA GeForce RTX 3060, 1703 MiB, 12288 MiB, 12 %, 54
1, NVIDIA GeForce RTX 4090, 7583 MiB, 24564 MiB, 99 %, 75
0, NVIDIA GeForce RTX 3060, 1703 MiB, 12288 MiB, 24 %, 53
1, NVIDIA GeForce RTX 4090, 7583 MiB, 24564 MiB, 100 %, 84
0, NVIDIA GeForce RTX 3060, 1703 MiB, 12288 MiB, 24 %, 54
1, NVIDIA GeForce RTX 4090, 7583 MiB, 24564 MiB, 100 %, 77
0, NVIDIA GeForce RTX 3060, 1703 MiB, 12288 MiB, 13 %, 54
1, NVIDIA GeForce RTX 4090, 7583 MiB, 24564 MiB, 98 %, 81
0, NVIDIA GeForce RTX 3060, 1703 MiB, 12288 MiB, 16 %, 53
1, NVIDIA GeForce RTX 4090, 7583 MiB, 24564 MiB, 100 %, 84
0, NVIDIA GeForce RTX 3060, 1703 MiB, 12288 MiB, 13 %, 54
1, NVIDIA GeForce RTX 4090, 7583 MiB, 24564 MiB, 99 %, 79
0, NVIDIA GeForce RTX 3060, 1703 MiB, 12288 MiB, 14 %, 54
1, NVIDIA GeForce RTX 4090, 7583 MiB, 24564 MiB, 100 %, 84
0, NVIDIA GeForce RTX 3060, 1709 MiB, 12288 MiB, 25 %, 54
1, NVIDIA GeForce RTX 4090, 7583 MiB, 24564 MiB, 100 %, 84
0, NVIDIA GeForce RTX 3060, 1708 MiB, 12288 MiB, 14 %, 54
1, NVIDIA GeForce RTX 4090, 7583 MiB, 24564 MiB, 99 %, 71
0, NVIDIA GeForce RTX 3060, 1705 MiB, 12288 MiB, 13 %, 54
1, NVIDIA GeForce RTX 4090, 7583 MiB, 24564 MiB, 100 %, 83
0, NVIDIA GeForce RTX 3060, 1703 MiB, 12288 MiB, 14 %, 54
1, NVIDIA GeForce RTX 4090, 7583 MiB, 24564 MiB, 100 %, 84
0, NVIDIA GeForce RTX 3060, 1703 MiB, 12288 MiB, 16 %, 54
1, NVIDIA GeForce RTX 4090, 7583 MiB, 24564 MiB, 98 %, 77
0, NVIDIA GeForce RTX 3060, 1708 MiB, 12288 MiB, 17 %, 54
1, NVIDIA GeForce RTX 4090, 7583 MiB, 24564 MiB, 100 %, 84
0, NVIDIA GeForce RTX 3060, 1718 MiB, 12288 MiB, 17 %, 54
1, NVIDIA GeForce RTX 4090, 7583 MiB, 24564 MiB, 100 %, 73
0, NVIDIA GeForce RTX 3060, 1723 MiB, 12288 MiB, 16 %, 54
1, NVIDIA GeForce RTX 4090, 7583 MiB, 24564 MiB, 99 %, 82
0, NVIDIA GeForce RTX 3060, 1723 MiB, 12288 MiB, 19 %, 54
1, NVIDIA GeForce RTX 4090, 7583 MiB, 24564 MiB, 100 %, 84
0, NVIDIA GeForce RTX 3060, 1723 MiB, 12288 MiB, 19 %, 54
1, NVIDIA GeForce RTX 4090, 7583 MiB, 24564 MiB, 99 %, 75
0, NVIDIA GeForce RTX 3060, 1718 MiB, 12288 MiB, 21 %, 54
1, NVIDIA GeForce RTX 4090, 7583 MiB, 24564 MiB, 100 %, 83
0, NVIDIA GeForce RTX 3060, 1713 MiB, 12288 MiB, 17 %, 54
1, NVIDIA GeForce RTX 4090, 7583 MiB, 24564 MiB, 100 %, 84
0, NVIDIA GeForce RTX 3060, 1713 MiB, 12288 MiB, 11 %, 54
1, NVIDIA GeForce RTX 4090, 7583 MiB, 24564 MiB, 99 %, 70
0, NVIDIA GeForce RTX 3060, 1714 MiB, 12288 MiB, 14 %, 54
1, NVIDIA GeForce RTX 4090, 7583 MiB, 24564 MiB, 100 %, 84
0, NVIDIA GeForce RTX 3060, 1714 MiB, 12288 MiB, 23 %, 54
1, NVIDIA GeForce RTX 4090, 7583 MiB, 24564 MiB, 100 %, 83
0, NVIDIA GeForce RTX 3060, 1714 MiB, 12288 MiB, 23 %, 54
1, NVIDIA GeForce RTX 4090, 7583 MiB, 24564 MiB, 99 %, 81
0, NVIDIA GeForce RTX 3060, 1722 MiB, 12288 MiB, 16 %, 54
1, NVIDIA GeForce RTX 4090, 7583 MiB, 24564 MiB, 100 %, 84
0, NVIDIA GeForce RTX 3060, 1728 MiB, 12288 MiB, 18 %, 54
1, NVIDIA GeForce RTX 4090, 7583 MiB, 24564 MiB, 98 %, 71
0, NVIDIA GeForce RTX 3060, 1720 MiB, 12288 MiB, 13 %, 54
1, NVIDIA GeForce RTX 4090, 7583 MiB, 24564 MiB, 99 %, 83
0, NVIDIA GeForce RTX 3060, 1720 MiB, 12288 MiB, 21 %, 54
1, NVIDIA GeForce RTX 4090, 7583 MiB, 24564 MiB, 100 %, 84
0, NVIDIA GeForce RTX 3060, 1720 MiB, 12288 MiB, 19 %, 54
1, NVIDIA GeForce RTX 4090, 7583 MiB, 24564 MiB, 99 %, 76
0, NVIDIA GeForce RTX 3060, 1742 MiB, 12288 MiB, 21 %, 54
1, NVIDIA GeForce RTX 4090, 7583 MiB, 24564 MiB, 100 %, 84
0, NVIDIA GeForce RTX 3060, 1742 MiB, 12288 MiB, 13 %, 54
1, NVIDIA GeForce RTX 4090, 7583 MiB, 24564 MiB, 100 %, 84
0, NVIDIA GeForce RTX 3060, 1716 MiB, 12288 MiB, 12 %, 54
1, NVIDIA GeForce RTX 4090, 7583 MiB, 24564 MiB, 98 %, 76
0, NVIDIA GeForce RTX 3060, 1716 MiB, 12288 MiB, 17 %, 54
1, NVIDIA GeForce RTX 4090, 7583 MiB, 24564 MiB, 100 %, 83
0, NVIDIA GeForce RTX 3060, 1716 MiB, 12288 MiB, 22 %, 54
1, NVIDIA GeForce RTX 4090, 7583 MiB, 24564 MiB, 100 %, 77
0, NVIDIA GeForce RTX 3060, 1716 MiB, 12288 MiB, 16 %, 54
1, NVIDIA GeForce RTX 4090, 7583 MiB, 24564 MiB, 99 %, 82
0, NVIDIA GeForce RTX 3060, 1743 MiB, 12288 MiB, 14 %, 54
1, NVIDIA GeForce RTX 4090, 7583 MiB, 24564 MiB, 100 %, 84
0, NVIDIA GeForce RTX 3060, 1756 MiB, 12288 MiB, 16 %, 54
1, NVIDIA GeForce RTX 4090, 7583 MiB, 24564 MiB, 99 %, 79
0, NVIDIA GeForce RTX 3060, 1753 MiB, 12288 MiB, 19 %, 54
1, NVIDIA GeForce RTX 4090, 7583 MiB, 24564 MiB, 99 %, 83
0, NVIDIA GeForce RTX 3060, 1749 MiB, 12288 MiB, 31 %, 55
1, NVIDIA GeForce RTX 4090, 7583 MiB, 24564 MiB, 100 %, 83
0, NVIDIA GeForce RTX 3060, 1734 MiB, 12288 MiB, 15 %, 54
1, NVIDIA GeForce RTX 4090, 7583 MiB, 24564 MiB, 99 %, 71
0, NVIDIA GeForce RTX 3060, 1735 MiB, 12288 MiB, 15 %, 54
1, NVIDIA GeForce RTX 4090, 7583 MiB, 24564 MiB, 100 %, 84
0, NVIDIA GeForce RTX 3060, 1727 MiB, 12288 MiB, 16 %, 55
1, NVIDIA GeForce RTX 4090, 7583 MiB, 24564 MiB, 100 %, 83
0, NVIDIA GeForce RTX 3060, 1716 MiB, 12288 MiB, 22 %, 55
1, NVIDIA GeForce RTX 4090, 7583 MiB, 24564 MiB, 99 %, 80
0, NVIDIA GeForce RTX 3060, 1716 MiB, 12288 MiB, 22 %, 54
1, NVIDIA GeForce RTX 4090, 7583 MiB, 24564 MiB, 100 %, 83
0, NVIDIA GeForce RTX 3060, 1722 MiB, 12288 MiB, 14 %, 55
1, NVIDIA GeForce RTX 4090, 7583 MiB, 24564 MiB, 100 %, 84
0, NVIDIA GeForce RTX 3060, 1755 MiB, 12288 MiB, 20 %, 55
1, NVIDIA GeForce RTX 4090, 7583 MiB, 24564 MiB, 98 %, 78
0, NVIDIA GeForce RTX 3060, 1753 MiB, 12288 MiB, 18 %, 55
1, NVIDIA GeForce RTX 4090, 7583 MiB, 24564 MiB, 100 %, 83
0, NVIDIA GeForce RTX 3060, 1757 MiB, 12288 MiB, 13 %, 54
1, NVIDIA GeForce RTX 4090, 7583 MiB, 24564 MiB, 100 %, 84
0, NVIDIA GeForce RTX 3060, 1750 MiB, 12288 MiB, 19 %, 55
1, NVIDIA GeForce RTX 4090, 7583 MiB, 24564 MiB, 99 %, 74
0, NVIDIA GeForce RTX 3060, 1750 MiB, 12288 MiB, 21 %, 55
1, NVIDIA GeForce RTX 4090, 7583 MiB, 24564 MiB, 100 %, 83
0, NVIDIA GeForce RTX 3060, 1750 MiB, 12288 MiB, 13 %, 55
1, NVIDIA GeForce RTX 4090, 7583 MiB, 24564 MiB, 99 %, 84
0, NVIDIA GeForce RTX 3060, 1742 MiB, 12288 MiB, 15 %, 55
1, NVIDIA GeForce RTX 4090, 7583 MiB, 24564 MiB, 99 %, 79
0, NVIDIA GeForce RTX 3060, 1741 MiB, 12288 MiB, 14 %, 55
1, NVIDIA GeForce RTX 4090, 7583 MiB, 24564 MiB, 100 %, 84
0, NVIDIA GeForce RTX 3060, 1741 MiB, 12288 MiB, 16 %, 55
1, NVIDIA GeForce RTX 4090, 7583 MiB, 24564 MiB, 100 %, 72
0, NVIDIA GeForce RTX 3060, 1736 MiB, 12288 MiB, 20 %, 55
1, NVIDIA GeForce RTX 4090, 7583 MiB, 24564 MiB, 100 %, 82
0, NVIDIA GeForce RTX 3060, 1736 MiB, 12288 MiB, 15 %, 55
1, NVIDIA GeForce RTX 4090, 7583 MiB, 24564 MiB, 100 %, 85
0, NVIDIA GeForce RTX 3060, 1736 MiB, 12288 MiB, 17 %, 55
1, NVIDIA GeForce RTX 4090, 7583 MiB, 24564 MiB, 98 %, 76
0, NVIDIA GeForce RTX 3060, 1741 MiB, 12288 MiB, 13 %, 55
1, NVIDIA GeForce RTX 4090, 7583 MiB, 24564 MiB, 100 %, 84
0, NVIDIA GeForce RTX 3060, 1741 MiB, 12288 MiB, 17 %, 55
1, NVIDIA GeForce RTX 4090, 7583 MiB, 24564 MiB, 100 %, 85
0, NVIDIA GeForce RTX 3060, 1741 MiB, 12288 MiB, 21 %, 55
1, NVIDIA GeForce RTX 4090, 7583 MiB, 24564 MiB, 97 %, 71
0, NVIDIA GeForce RTX 3060, 1751 MiB, 12288 MiB, 13 %, 55
1, NVIDIA GeForce RTX 4090, 7583 MiB, 24564 MiB, 100 %, 84
0, NVIDIA GeForce RTX 3060, 1751 MiB, 12288 MiB, 17 %, 55
1, NVIDIA GeForce RTX 4090, 7583 MiB, 24564 MiB, 99 %, 84
0, NVIDIA GeForce RTX 3060, 1747 MiB, 12288 MiB, 13 %, 55
1, NVIDIA GeForce RTX 4090, 7583 MiB, 24564 MiB, 99 %, 80
0, NVIDIA GeForce RTX 3060, 1747 MiB, 12288 MiB, 15 %, 55
1, NVIDIA GeForce RTX 4090, 7583 MiB, 24564 MiB, 100 %, 84
0, NVIDIA GeForce RTX 3060, 1747 MiB, 12288 MiB, 21 %, 55
1, NVIDIA GeForce RTX 4090, 7583 MiB, 24564 MiB, 98 %, 72
0, NVIDIA GeForce RTX 3060, 1759 MiB, 12288 MiB, 12 %, 55
1, NVIDIA GeForce RTX 4090, 7583 MiB, 24564 MiB, 100 %, 82
0, NVIDIA GeForce RTX 3060, 1760 MiB, 12288 MiB, 11 %, 55
1, NVIDIA GeForce RTX 4090, 7583 MiB, 24564 MiB, 100 %, 84
0, NVIDIA GeForce RTX 3060, 1759 MiB, 12288 MiB, 12 %, 55
1, NVIDIA GeForce RTX 4090, 7583 MiB, 24564 MiB, 98 %, 75
0, NVIDIA GeForce RTX 3060, 1759 MiB, 12288 MiB, 15 %, 55
1, NVIDIA GeForce RTX 4090, 7583 MiB, 24564 MiB, 100 %, 83
0, NVIDIA GeForce RTX 3060, 1760 MiB, 12288 MiB, 17 %, 55
1, NVIDIA GeForce RTX 4090, 7583 MiB, 24564 MiB, 98 %, 77
0, NVIDIA GeForce RTX 3060, 1764 MiB, 12288 MiB, 12 %, 55
1, NVIDIA GeForce RTX 4090, 7583 MiB, 24564 MiB, 97 %, 71
0, NVIDIA GeForce RTX 3060, 1747 MiB, 12288 MiB, 18 %, 55
1, NVIDIA GeForce RTX 4090, 7583 MiB, 24564 MiB, 100 %, 83
0, NVIDIA GeForce RTX 3060, 1736 MiB, 12288 MiB, 12 %, 55
1, NVIDIA GeForce RTX 4090, 7583 MiB, 24564 MiB, 99 %, 84
0, NVIDIA GeForce RTX 3060, 1736 MiB, 12288 MiB, 14 %, 55
1, NVIDIA GeForce RTX 4090, 7583 MiB, 24564 MiB, 99 %, 83
0, NVIDIA GeForce RTX 3060, 1736 MiB, 12288 MiB, 25 %, 55
1, NVIDIA GeForce RTX 4090, 7583 MiB, 24564 MiB, 100 %, 84
0, NVIDIA GeForce RTX 3060, 1736 MiB, 12288 MiB, 12 %, 55
1, NVIDIA GeForce RTX 4090, 7583 MiB, 24564 MiB, 95 %, 77
0, NVIDIA GeForce RTX 3060, 1736 MiB, 12288 MiB, 17 %, 55
1, NVIDIA GeForce RTX 4090, 7583 MiB, 24564 MiB, 100 %, 83
0, NVIDIA GeForce RTX 3060, 1736 MiB, 12288 MiB, 13 %, 55
1, NVIDIA GeForce RTX 4090, 7583 MiB, 24564 MiB, 100 %, 84
0, NVIDIA GeForce RTX 3060, 1736 MiB, 12288 MiB, 15 %, 55
1, NVIDIA GeForce RTX 4090, 7583 MiB, 24564 MiB, 98 %, 75
0, NVIDIA GeForce RTX 3060, 1736 MiB, 12288 MiB, 22 %, 55
1, NVIDIA GeForce RTX 4090, 7583 MiB, 24564 MiB, 100 %, 83
0, NVIDIA GeForce RTX 3060, 1736 MiB, 12288 MiB, 13 %, 55
1, NVIDIA GeForce RTX 4090, 7583 MiB, 24564 MiB, 100 %, 79
0, NVIDIA GeForce RTX 3060, 1739 MiB, 12288 MiB, 19 %, 55
1, NVIDIA GeForce RTX 4090, 7583 MiB, 24564 MiB, 98 %, 82
0, NVIDIA GeForce RTX 3060, 1747 MiB, 12288 MiB, 13 %, 55
1, NVIDIA GeForce RTX 4090, 7583 MiB, 24564 MiB, 100 %, 84
0, NVIDIA GeForce RTX 3060, 1752 MiB, 12288 MiB, 14 %, 55
1, NVIDIA GeForce RTX 4090, 7583 MiB, 24564 MiB, 99 %, 70
0, NVIDIA GeForce RTX 3060, 1752 MiB, 12288 MiB, 21 %, 55
1, NVIDIA GeForce RTX 4090, 7583 MiB, 24564 MiB, 99 %, 82
0, NVIDIA GeForce RTX 3060, 1769 MiB, 12288 MiB, 22 %, 55
1, NVIDIA GeForce RTX 4090, 7583 MiB, 24564 MiB, 100 %, 84
0, NVIDIA GeForce RTX 3060, 1769 MiB, 12288 MiB, 20 %, 55
1, NVIDIA GeForce RTX 4090, 7583 MiB, 24564 MiB, 99 %, 76
0, NVIDIA GeForce RTX 3060, 1765 MiB, 12288 MiB, 14 %, 55
1, NVIDIA GeForce RTX 4090, 7583 MiB, 24564 MiB, 100 %, 84
0, NVIDIA GeForce RTX 3060, 1756 MiB, 12288 MiB, 15 %, 55
1, NVIDIA GeForce RTX 4090, 7583 MiB, 24564 MiB, 100 %, 84
0, NVIDIA GeForce RTX 3060, 1751 MiB, 12288 MiB, 23 %, 55
1, NVIDIA GeForce RTX 4090, 7583 MiB, 24564 MiB, 99 %, 75
0, NVIDIA GeForce RTX 3060, 1747 MiB, 12288 MiB, 13 %, 55
1, NVIDIA GeForce RTX 4090, 7583 MiB, 24564 MiB, 100 %, 84
0, NVIDIA GeForce RTX 3060, 1746 MiB, 12288 MiB, 18 %, 55
1, NVIDIA GeForce RTX 4090, 7583 MiB, 24564 MiB, 100 %, 79
0, NVIDIA GeForce RTX 3060, 1740 MiB, 12288 MiB, 12 %, 55
1, NVIDIA GeForce RTX 4090, 7583 MiB, 24564 MiB, 98 %, 82
0, NVIDIA GeForce RTX 3060, 1745 MiB, 12288 MiB, 18 %, 55
1, NVIDIA GeForce RTX 4090, 7583 MiB, 24564 MiB, 100 %, 84
0, NVIDIA GeForce RTX 3060, 1745 MiB, 12288 MiB, 23 %, 55
1, NVIDIA GeForce RTX 4090, 7583 MiB, 24564 MiB, 98 %, 76
0, NVIDIA GeForce RTX 3060, 1750 MiB, 12288 MiB, 22 %, 55
1, NVIDIA GeForce RTX 4090, 7583 MiB, 24564 MiB, 99 %, 83
0, NVIDIA GeForce RTX 3060, 1750 MiB, 12288 MiB, 29 %, 56
1, NVIDIA GeForce RTX 4090, 7583 MiB, 24564 MiB, 100 %, 84
0, NVIDIA GeForce RTX 3060, 1750 MiB, 12288 MiB, 27 %, 56
1, NVIDIA GeForce RTX 4090, 7583 MiB, 24564 MiB, 100 %, 84
0, NVIDIA GeForce RTX 3060, 1750 MiB, 12288 MiB, 19 %, 55
1, NVIDIA GeForce RTX 4090, 7583 MiB, 24564 MiB, 99 %, 71
0, NVIDIA GeForce RTX 3060, 1750 MiB, 12288 MiB, 21 %, 56
1, NVIDIA GeForce RTX 4090, 7583 MiB, 24564 MiB, 100 %, 84
0, NVIDIA GeForce RTX 3060, 1739 MiB, 12288 MiB, 18 %, 56
1, NVIDIA GeForce RTX 4090, 7583 MiB, 24564 MiB, 100 %, 85
0, NVIDIA GeForce RTX 3060, 1739 MiB, 12288 MiB, 19 %, 55
1, NVIDIA GeForce RTX 4090, 7583 MiB, 24564 MiB, 99 %, 80
0, NVIDIA GeForce RTX 3060, 1739 MiB, 12288 MiB, 24 %, 56
1, NVIDIA GeForce RTX 4090, 7583 MiB, 24564 MiB, 100 %, 84
0, NVIDIA GeForce RTX 3060, 1734 MiB, 12288 MiB, 16 %, 56
1, NVIDIA GeForce RTX 4090, 7583 MiB, 24564 MiB, 100 %, 71
0, NVIDIA GeForce RTX 3060, 1734 MiB, 12288 MiB, 13 %, 55
1, NVIDIA GeForce RTX 4090, 7583 MiB, 24564 MiB, 99 %, 83
0, NVIDIA GeForce RTX 3060, 1744 MiB, 12288 MiB, 20 %, 56
1, NVIDIA GeForce RTX 4090, 7583 MiB, 24564 MiB, 100 %, 84
0, NVIDIA GeForce RTX 3060, 1746 MiB, 12288 MiB, 21 %, 56
1, NVIDIA GeForce RTX 4090, 7583 MiB, 24564 MiB, 98 %, 73
0, NVIDIA GeForce RTX 3060, 1746 MiB, 12288 MiB, 23 %, 56
1, NVIDIA GeForce RTX 4090, 7583 MiB, 24564 MiB, 100 %, 83
0, NVIDIA GeForce RTX 3060, 1753 MiB, 12288 MiB, 16 %, 56
1, NVIDIA GeForce RTX 4090, 7583 MiB, 24564 MiB, 100 %, 84
0, NVIDIA GeForce RTX 3060, 1752 MiB, 12288 MiB, 12 %, 56
1, NVIDIA GeForce RTX 4090, 7583 MiB, 24564 MiB, 98 %, 72
0, NVIDIA GeForce RTX 3060, 1752 MiB, 12288 MiB, 18 %, 56
1, NVIDIA GeForce RTX 4090, 7583 MiB, 24564 MiB, 100 %, 84
0, NVIDIA GeForce RTX 3060, 1751 MiB, 12288 MiB, 22 %, 56
1, NVIDIA GeForce RTX 4090, 7583 MiB, 24564 MiB, 100 %, 78
0, NVIDIA GeForce RTX 3060, 1762 MiB, 12288 MiB, 21 %, 56
1, NVIDIA GeForce RTX 4090, 7583 MiB, 24564 MiB, 99 %, 81
0, NVIDIA GeForce RTX 3060, 1762 MiB, 12288 MiB, 16 %, 56
1, NVIDIA GeForce RTX 4090, 7583 MiB, 24564 MiB, 100 %, 84
0, NVIDIA GeForce RTX 3060, 1762 MiB, 12288 MiB, 15 %, 56
1, NVIDIA GeForce RTX 4090, 7583 MiB, 24564 MiB, 98 %, 74
0, NVIDIA GeForce RTX 3060, 1751 MiB, 12288 MiB, 15 %, 56
1, NVIDIA GeForce RTX 4090, 7583 MiB, 24564 MiB, 99 %, 83
0, NVIDIA GeForce RTX 3060, 1746 MiB, 12288 MiB, 25 %, 56
1, NVIDIA GeForce RTX 4090, 7583 MiB, 24564 MiB, 100 %, 84
0, NVIDIA GeForce RTX 3060, 1741 MiB, 12288 MiB, 27 %, 56
1, NVIDIA GeForce RTX 4090, 7583 MiB, 24564 MiB, 99 %, 77
0, NVIDIA GeForce RTX 3060, 1741 MiB, 12288 MiB, 16 %, 56
1, NVIDIA GeForce RTX 4090, 7583 MiB, 24564 MiB, 100 %, 83
0, NVIDIA GeForce RTX 3060, 1741 MiB, 12288 MiB, 17 %, 56
1, NVIDIA GeForce RTX 4090, 7583 MiB, 24564 MiB, 100 %, 84
0, NVIDIA GeForce RTX 3060, 1751 MiB, 12288 MiB, 16 %, 56
1, NVIDIA GeForce RTX 4090, 7583 MiB, 24564 MiB, 98 %, 74
0, NVIDIA GeForce RTX 3060, 1759 MiB, 12288 MiB, 26 %, 56
1, NVIDIA GeForce RTX 4090, 7583 MiB, 24564 MiB, 100 %, 84
0, NVIDIA GeForce RTX 3060, 1762 MiB, 12288 MiB, 52 %, 56
1, NVIDIA GeForce RTX 4090, 7583 MiB, 24564 MiB, 98 %, 77
0, NVIDIA GeForce RTX 3060, 1761 MiB, 12288 MiB, 13 %, 56
1, NVIDIA GeForce RTX 4090, 7583 MiB, 24564 MiB, 98 %, 81
0, NVIDIA GeForce RTX 3060, 1763 MiB, 12288 MiB, 12 %, 56
1, NVIDIA GeForce RTX 4090, 7583 MiB, 24564 MiB, 100 %, 84
0, NVIDIA GeForce RTX 3060, 1763 MiB, 12288 MiB, 13 %, 56
1, NVIDIA GeForce RTX 4090, 7583 MiB, 24564 MiB, 98 %, 75
0, NVIDIA GeForce RTX 3060, 1752 MiB, 12288 MiB, 18 %, 56
1, NVIDIA GeForce RTX 4090, 7583 MiB, 24564 MiB, 99 %, 83
0, NVIDIA GeForce RTX 3060, 1742 MiB, 12288 MiB, 16 %, 56
1, NVIDIA GeForce RTX 4090, 7583 MiB, 24564 MiB, 100 %, 84
0, NVIDIA GeForce RTX 3060, 1742 MiB, 12288 MiB, 12 %, 56
1, NVIDIA GeForce RTX 4090, 7583 MiB, 24564 MiB, 98 %, 77
0, NVIDIA GeForce RTX 3060, 1742 MiB, 12288 MiB, 14 %, 56
1, NVIDIA GeForce RTX 4090, 7583 MiB, 24564 MiB, 100 %, 84
0, NVIDIA GeForce RTX 3060, 1742 MiB, 12288 MiB, 14 %, 56
1, NVIDIA GeForce RTX 4090, 7583 MiB, 24564 MiB, 100 %, 84
0, NVIDIA GeForce RTX 3060, 1752 MiB, 12288 MiB, 16 %, 56
1, NVIDIA GeForce RTX 4090, 7583 MiB, 24564 MiB, 98 %, 74
0, NVIDIA GeForce RTX 3060, 1753 MiB, 12288 MiB, 28 %, 56
1, NVIDIA GeForce RTX 4090, 7583 MiB, 24564 MiB, 100 %, 83
0, NVIDIA GeForce RTX 3060, 1753 MiB, 12288 MiB, 13 %, 56
1, NVIDIA GeForce RTX 4090, 7583 MiB, 24564 MiB, 99 %, 80
0, NVIDIA GeForce RTX 3060, 1753 MiB, 12288 MiB, 13 %, 56
1, NVIDIA GeForce RTX 4090, 7583 MiB, 24564 MiB, 100 %, 84
0, NVIDIA GeForce RTX 3060, 1765 MiB, 12288 MiB, 38 %, 56
1, NVIDIA GeForce RTX 4090, 7583 MiB, 24564 MiB, 100 %, 84
0, NVIDIA GeForce RTX 3060, 1758 MiB, 12288 MiB, 20 %, 56
1, NVIDIA GeForce RTX 4090, 7583 MiB, 24564 MiB, 99 %, 77
0, NVIDIA GeForce RTX 3060, 1758 MiB, 12288 MiB, 31 %, 56
1, NVIDIA GeForce RTX 4090, 7583 MiB, 24564 MiB, 100 %, 82
0, NVIDIA GeForce RTX 3060, 1748 MiB, 12288 MiB, 19 %, 56
1, NVIDIA GeForce RTX 4090, 7583 MiB, 24564 MiB, 100 %, 84
0, NVIDIA GeForce RTX 3060, 1748 MiB, 12288 MiB, 13 %, 56
1, NVIDIA GeForce RTX 4090, 7583 MiB, 24564 MiB, 98 %, 80
0, NVIDIA GeForce RTX 3060, 1748 MiB, 12288 MiB, 28 %, 56
1, NVIDIA GeForce RTX 4090, 7583 MiB, 24564 MiB, 100 %, 83
0, NVIDIA GeForce RTX 3060, 1754 MiB, 12288 MiB, 18 %, 56
1, NVIDIA GeForce RTX 4090, 7583 MiB, 24564 MiB, 99 %, 84
0, NVIDIA GeForce RTX 3060, 1752 MiB, 12288 MiB, 32 %, 56
1, NVIDIA GeForce RTX 4090, 7583 MiB, 24564 MiB, 99 %, 82
0, NVIDIA GeForce RTX 3060, 1752 MiB, 12288 MiB, 18 %, 56
1, NVIDIA GeForce RTX 4090, 7583 MiB, 24564 MiB, 100 %, 84
0, NVIDIA GeForce RTX 3060, 1753 MiB, 12288 MiB, 16 %, 56
1, NVIDIA GeForce RTX 4090, 7583 MiB, 24564 MiB, 98 %, 74
0, NVIDIA GeForce RTX 3060, 1753 MiB, 12288 MiB, 23 %, 56
1, NVIDIA GeForce RTX 4090, 7583 MiB, 24564 MiB, 100 %, 82
0, NVIDIA GeForce RTX 3060, 1753 MiB, 12288 MiB, 18 %, 56
1, NVIDIA GeForce RTX 4090, 7583 MiB, 24564 MiB, 100 %, 84
0, NVIDIA GeForce RTX 3060, 1753 MiB, 12288 MiB, 24 %, 56
1, NVIDIA GeForce RTX 4090, 7583 MiB, 24564 MiB, 98 %, 78
0, NVIDIA GeForce RTX 3060, 1753 MiB, 12288 MiB, 16 %, 56
1, NVIDIA GeForce RTX 4090, 7583 MiB, 24564 MiB, 100 %, 83
0, NVIDIA GeForce RTX 3060, 1753 MiB, 12288 MiB, 17 %, 56
1, NVIDIA GeForce RTX 4090, 7583 MiB, 24564 MiB, 100 %, 84
0, NVIDIA GeForce RTX 3060, 1753 MiB, 12288 MiB, 16 %, 56
1, NVIDIA GeForce RTX 4090, 7583 MiB, 24564 MiB, 100 %, 84
0, NVIDIA GeForce RTX 3060, 1752 MiB, 12288 MiB, 16 %, 56
1, NVIDIA GeForce RTX 4090, 7583 MiB, 24564 MiB, 99 %, 82
0, NVIDIA GeForce RTX 3060, 1742 MiB, 12288 MiB, 20 %, 56
1, NVIDIA GeForce RTX 4090, 7583 MiB, 24564 MiB, 100 %, 84
0, NVIDIA GeForce RTX 3060, 1742 MiB, 12288 MiB, 15 %, 56
1, NVIDIA GeForce RTX 4090, 7583 MiB, 24564 MiB, 99 %, 76
0, NVIDIA GeForce RTX 3060, 1752 MiB, 12288 MiB, 15 %, 56
1, NVIDIA GeForce RTX 4090, 7583 MiB, 24564 MiB, 100 %, 83
0, NVIDIA GeForce RTX 3060, 1759 MiB, 12288 MiB, 13 %, 56
1, NVIDIA GeForce RTX 4090, 7583 MiB, 24564 MiB, 100 %, 84
0, NVIDIA GeForce RTX 3060, 1760 MiB, 12288 MiB, 13 %, 56
1, NVIDIA GeForce RTX 4090, 7583 MiB, 24564 MiB, 99 %, 73
0, NVIDIA GeForce RTX 3060, 1759 MiB, 12288 MiB, 23 %, 56
1, NVIDIA GeForce RTX 4090, 7583 MiB, 24564 MiB, 100 %, 83
0, NVIDIA GeForce RTX 3060, 1754 MiB, 12288 MiB, 20 %, 56
1, NVIDIA GeForce RTX 4090, 7583 MiB, 24564 MiB, 100 %, 84
0, NVIDIA GeForce RTX 3060, 1754 MiB, 12288 MiB, 13 %, 56
1, NVIDIA GeForce RTX 4090, 7583 MiB, 24564 MiB, 99 %, 77
0, NVIDIA GeForce RTX 3060, 1752 MiB, 12288 MiB, 12 %, 56
1, NVIDIA GeForce RTX 4090, 7583 MiB, 24564 MiB, 100 %, 84
0, NVIDIA GeForce RTX 3060, 1742 MiB, 12288 MiB, 13 %, 56
1, NVIDIA GeForce RTX 4090, 7583 MiB, 24564 MiB, 100 %, 73
0, NVIDIA GeForce RTX 3060, 1742 MiB, 12288 MiB, 20 %, 56
1, NVIDIA GeForce RTX 4090, 7583 MiB, 24564 MiB, 99 %, 82
0, NVIDIA GeForce RTX 3060, 1742 MiB, 12288 MiB, 21 %, 56
1, NVIDIA GeForce RTX 4090, 7583 MiB, 24564 MiB, 100 %, 84
0, NVIDIA GeForce RTX 3060, 1731 MiB, 12288 MiB, 12 %, 56
1, NVIDIA GeForce RTX 4090, 7583 MiB, 24564 MiB, 99 %, 77
0, NVIDIA GeForce RTX 3060, 1731 MiB, 12288 MiB, 13 %, 56
1, NVIDIA GeForce RTX 4090, 7583 MiB, 24564 MiB, 100 %, 84
0, NVIDIA GeForce RTX 3060, 1736 MiB, 12288 MiB, 14 %, 56
1, NVIDIA GeForce RTX 4090, 7583 MiB, 24564 MiB, 100 %, 85
0, NVIDIA GeForce RTX 3060, 1737 MiB, 12288 MiB, 20 %, 56
1, NVIDIA GeForce RTX 4090, 7583 MiB, 24564 MiB, 99 %, 71
0, NVIDIA GeForce RTX 3060, 1737 MiB, 12288 MiB, 15 %, 56
1, NVIDIA GeForce RTX 4090, 7583 MiB, 24564 MiB, 100 %, 84
0, NVIDIA GeForce RTX 3060, 1737 MiB, 12288 MiB, 12 %, 56
1, NVIDIA GeForce RTX 4090, 7583 MiB, 24564 MiB, 100 %, 82
0, NVIDIA GeForce RTX 3060, 1737 MiB, 12288 MiB, 14 %, 56
1, NVIDIA GeForce RTX 4090, 7583 MiB, 24564 MiB, 99 %, 80
0, NVIDIA GeForce RTX 3060, 1736 MiB, 12288 MiB, 13 %, 56
1, NVIDIA GeForce RTX 4090, 7583 MiB, 24564 MiB, 100 %, 84
0, NVIDIA GeForce RTX 3060, 1736 MiB, 12288 MiB, 17 %, 56
1, NVIDIA GeForce RTX 4090, 7583 MiB, 24564 MiB, 99 %, 71
0, NVIDIA GeForce RTX 3060, 1738 MiB, 12288 MiB, 22 %, 56
1, NVIDIA GeForce RTX 4090, 7583 MiB, 24564 MiB, 99 %, 83
0, NVIDIA GeForce RTX 3060, 1738 MiB, 12288 MiB, 15 %, 56
1, NVIDIA GeForce RTX 4090, 7583 MiB, 24564 MiB, 100 %, 84
0, NVIDIA GeForce RTX 3060, 1732 MiB, 12288 MiB, 14 %, 56
1, NVIDIA GeForce RTX 4090, 7583 MiB, 24564 MiB, 99 %, 74
0, NVIDIA GeForce RTX 3060, 1737 MiB, 12288 MiB, 14 %, 56
1, NVIDIA GeForce RTX 4090, 7583 MiB, 24564 MiB, 100 %, 84
0, NVIDIA GeForce RTX 3060, 1737 MiB, 12288 MiB, 36 %, 56
1, NVIDIA GeForce RTX 4090, 7583 MiB, 24564 MiB, 100 %, 84
0, NVIDIA GeForce RTX 3060, 1737 MiB, 12288 MiB, 22 %, 56
1, NVIDIA GeForce RTX 4090, 7583 MiB, 24564 MiB, 99 %, 75
0, NVIDIA GeForce RTX 3060, 1744 MiB, 12288 MiB, 15 %, 57
1, NVIDIA GeForce RTX 4090, 7583 MiB, 24564 MiB, 100 %, 84
0, NVIDIA GeForce RTX 3060, 1744 MiB, 12288 MiB, 19 %, 56
1, NVIDIA GeForce RTX 4090, 7583 MiB, 24564 MiB, 100 %, 77
0, NVIDIA GeForce RTX 3060, 1743 MiB, 12288 MiB, 13 %, 56
1, NVIDIA GeForce RTX 4090, 7583 MiB, 24564 MiB, 99 %, 82
0, NVIDIA GeForce RTX 3060, 1737 MiB, 12288 MiB, 21 %, 56
1, NVIDIA GeForce RTX 4090, 7583 MiB, 24564 MiB, 100 %, 84
0, NVIDIA GeForce RTX 3060, 1733 MiB, 12288 MiB, 21 %, 57
1, NVIDIA GeForce RTX 4090, 7583 MiB, 24564 MiB, 99 %, 78
0, NVIDIA GeForce RTX 3060, 1733 MiB, 12288 MiB, 12 %, 56
1, NVIDIA GeForce RTX 4090, 7583 MiB, 24564 MiB, 98 %, 83
0, NVIDIA GeForce RTX 3060, 1733 MiB, 12288 MiB, 13 %, 56
1, NVIDIA GeForce RTX 4090, 7583 MiB, 24564 MiB, 100 %, 84
0, NVIDIA GeForce RTX 3060, 1737 MiB, 12288 MiB, 12 %, 56
1, NVIDIA GeForce RTX 4090, 7583 MiB, 24564 MiB, 99 %, 72
0, NVIDIA GeForce RTX 3060, 1737 MiB, 12288 MiB, 17 %, 56
1, NVIDIA GeForce RTX 4090, 7583 MiB, 24564 MiB, 100 %, 83
0, NVIDIA GeForce RTX 3060, 1738 MiB, 12288 MiB, 15 %, 56
1, NVIDIA GeForce RTX 4090, 7583 MiB, 24564 MiB, 100 %, 84
0, NVIDIA GeForce RTX 3060, 1738 MiB, 12288 MiB, 12 %, 57
1, NVIDIA GeForce RTX 4090, 7583 MiB, 24564 MiB, 97 %, 79
0, NVIDIA GeForce RTX 3060, 1738 MiB, 12288 MiB, 12 %, 56
1, NVIDIA GeForce RTX 4090, 7583 MiB, 24564 MiB, 100 %, 84
0, NVIDIA GeForce RTX 3060, 1738 MiB, 12288 MiB, 12 %, 56
1, NVIDIA GeForce RTX 4090, 7583 MiB, 24564 MiB, 99 %, 71
0, NVIDIA GeForce RTX 3060, 1747 MiB, 12288 MiB, 20 %, 57
1, NVIDIA GeForce RTX 4090, 7583 MiB, 24564 MiB, 99 %, 82
0, NVIDIA GeForce RTX 3060, 1746 MiB, 12288 MiB, 15 %, 57
1, NVIDIA GeForce RTX 4090, 7583 MiB, 24564 MiB, 100 %, 83
0, NVIDIA GeForce RTX 3060, 1743 MiB, 12288 MiB, 10 %, 56
1, NVIDIA GeForce RTX 4090, 7583 MiB, 24564 MiB, 98 %, 79
0, NVIDIA GeForce RTX 3060, 1743 MiB, 12288 MiB, 13 %, 57
1, NVIDIA GeForce RTX 4090, 7583 MiB, 24564 MiB, 99 %, 83
0, NVIDIA GeForce RTX 3060, 1748 MiB, 12288 MiB, 16 %, 57
1, NVIDIA GeForce RTX 4090, 7583 MiB, 24564 MiB, 100 %, 84
0, NVIDIA GeForce RTX 3060, 1754 MiB, 12288 MiB, 40 %, 56
1, NVIDIA GeForce RTX 4090, 7583 MiB, 24564 MiB, 99 %, 72
0, NVIDIA GeForce RTX 3060, 1731 MiB, 12288 MiB, 23 %, 56
1, NVIDIA GeForce RTX 4090, 7583 MiB, 24564 MiB, 100 %, 84
0, NVIDIA GeForce RTX 3060, 1726 MiB, 12288 MiB, 13 %, 57
1, NVIDIA GeForce RTX 4090, 7583 MiB, 24564 MiB, 100 %, 85
0, NVIDIA GeForce RTX 3060, 1719 MiB, 12288 MiB, 13 %, 57
1, NVIDIA GeForce RTX 4090, 7583 MiB, 24564 MiB, 98 %, 77
0, NVIDIA GeForce RTX 3060, 1719 MiB, 12288 MiB, 17 %, 56
1, NVIDIA GeForce RTX 4090, 7583 MiB, 24564 MiB, 97 %, 81
0, NVIDIA GeForce RTX 3060, 1719 MiB, 12288 MiB, 18 %, 57
1, NVIDIA GeForce RTX 4090, 7583 MiB, 24564 MiB, 100 %, 84
0, NVIDIA GeForce RTX 3060, 1714 MiB, 12288 MiB, 20 %, 57
1, NVIDIA GeForce RTX 4090, 7583 MiB, 24564 MiB, 99 %, 71
0, NVIDIA GeForce RTX 3060, 1722 MiB, 12288 MiB, 13 %, 57
1, NVIDIA GeForce RTX 4090, 7583 MiB, 24564 MiB, 99 %, 83
0, NVIDIA GeForce RTX 3060, 1726 MiB, 12288 MiB, 13 %, 57
1, NVIDIA GeForce RTX 4090, 7583 MiB, 24564 MiB, 100 %, 84
0, NVIDIA GeForce RTX 3060, 1719 MiB, 12288 MiB, 15 %, 57
1, NVIDIA GeForce RTX 4090, 7583 MiB, 24564 MiB, 98 %, 73
0, NVIDIA GeForce RTX 3060, 1719 MiB, 12288 MiB, 14 %, 57
1, NVIDIA GeForce RTX 4090, 7583 MiB, 24564 MiB, 100 %, 84
0, NVIDIA GeForce RTX 3060, 1735 MiB, 12288 MiB, 20 %, 57
1, NVIDIA GeForce RTX 4090, 7583 MiB, 24564 MiB, 100 %, 84
0, NVIDIA GeForce RTX 3060, 1735 MiB, 12288 MiB, 14 %, 57
1, NVIDIA GeForce RTX 4090, 7583 MiB, 24564 MiB, 98 %, 74
0, NVIDIA GeForce RTX 3060, 1735 MiB, 12288 MiB, 13 %, 57
1, NVIDIA GeForce RTX 4090, 7583 MiB, 24564 MiB, 100 %, 84
0, NVIDIA GeForce RTX 3060, 1735 MiB, 12288 MiB, 14 %, 57
1, NVIDIA GeForce RTX 4090, 7583 MiB, 24564 MiB, 100 %, 81
0, NVIDIA GeForce RTX 3060, 1731 MiB, 12288 MiB, 13 %, 57
1, NVIDIA GeForce RTX 4090, 7583 MiB, 24564 MiB, 98 %, 80
0, NVIDIA GeForce RTX 3060, 1722 MiB, 12288 MiB, 13 %, 57
1, NVIDIA GeForce RTX 4090, 7583 MiB, 24564 MiB, 100 %, 84
0, NVIDIA GeForce RTX 3060, 1711 MiB, 12288 MiB, 14 %, 57
1, NVIDIA GeForce RTX 4090, 7583 MiB, 24564 MiB, 98 %, 73
0, NVIDIA GeForce RTX 3060, 1708 MiB, 12288 MiB, 11 %, 57
1, NVIDIA GeForce RTX 4090, 7583 MiB, 24564 MiB, 99 %, 83
0, NVIDIA GeForce RTX 3060, 1708 MiB, 12288 MiB, 19 %, 57
1, NVIDIA GeForce RTX 4090, 7583 MiB, 24564 MiB, 100 %, 84
0, NVIDIA GeForce RTX 3060, 1709 MiB, 12288 MiB, 12 %, 57
1, NVIDIA GeForce RTX 4090, 7583 MiB, 24564 MiB, 99 %, 77
0, NVIDIA GeForce RTX 3060, 1709 MiB, 12288 MiB, 13 %, 57
1, NVIDIA GeForce RTX 4090, 7583 MiB, 24564 MiB, 100 %, 84
0, NVIDIA GeForce RTX 3060, 1709 MiB, 12288 MiB, 20 %, 57
1, NVIDIA GeForce RTX 4090, 7583 MiB, 24564 MiB, 100 %, 84
0, NVIDIA GeForce RTX 3060, 1709 MiB, 12288 MiB, 12 %, 57
1, NVIDIA GeForce RTX 4090, 7583 MiB, 24564 MiB, 99 %, 75
0, NVIDIA GeForce RTX 3060, 1703 MiB, 12288 MiB, 19 %, 57
1, NVIDIA GeForce RTX 4090, 7583 MiB, 24564 MiB, 100 %, 84
0, NVIDIA GeForce RTX 3060, 1703 MiB, 12288 MiB, 11 %, 57
1, NVIDIA GeForce RTX 4090, 7583 MiB, 24564 MiB, 100 %, 77
0, NVIDIA GeForce RTX 3060, 1703 MiB, 12288 MiB, 12 %, 57
1, NVIDIA GeForce RTX 4090, 7583 MiB, 24564 MiB, 100 %, 81
0, NVIDIA GeForce RTX 3060, 1703 MiB, 12288 MiB, 21 %, 57
1, NVIDIA GeForce RTX 4090, 7583 MiB, 24564 MiB, 100 %, 84
0, NVIDIA GeForce RTX 3060, 1708 MiB, 12288 MiB, 12 %, 57
1, NVIDIA GeForce RTX 4090, 7583 MiB, 24564 MiB, 98 %, 77
0, NVIDIA GeForce RTX 3060, 1708 MiB, 12288 MiB, 18 %, 57
1, NVIDIA GeForce RTX 4090, 7583 MiB, 24564 MiB, 100 %, 83
0, NVIDIA GeForce RTX 3060, 1720 MiB, 12288 MiB, 14 %, 57
1, NVIDIA GeForce RTX 4090, 7583 MiB, 24564 MiB, 100 %, 84
0, NVIDIA GeForce RTX 3060, 1715 MiB, 12288 MiB, 12 %, 57
1, NVIDIA GeForce RTX 4090, 7583 MiB, 24564 MiB, 97 %, 76
0, NVIDIA GeForce RTX 3060, 1711 MiB, 12288 MiB, 29 %, 57
1, NVIDIA GeForce RTX 4090, 7583 MiB, 24564 MiB, 100 %, 83
0, NVIDIA GeForce RTX 3060, 1711 MiB, 12288 MiB, 10 %, 57
1, NVIDIA GeForce RTX 4090, 7583 MiB, 24564 MiB, 99 %, 84
0, NVIDIA GeForce RTX 3060, 1710 MiB, 12288 MiB, 10 %, 57
1, NVIDIA GeForce RTX 4090, 7583 MiB, 24564 MiB, 99 %, 75
0, NVIDIA GeForce RTX 3060, 1702 MiB, 12288 MiB, 10 %, 57
1, NVIDIA GeForce RTX 4090, 7583 MiB, 24564 MiB, 100 %, 84
0, NVIDIA GeForce RTX 3060, 1702 MiB, 12288 MiB, 15 %, 57
1, NVIDIA GeForce RTX 4090, 7583 MiB, 24564 MiB, 99 %, 79
0, NVIDIA GeForce RTX 3060, 1702 MiB, 12288 MiB, 13 %, 57
1, NVIDIA GeForce RTX 4090, 7583 MiB, 24564 MiB, 100 %, 81
0, NVIDIA GeForce RTX 3060, 1702 MiB, 12288 MiB, 10 %, 57
1, NVIDIA GeForce RTX 4090, 7583 MiB, 24564 MiB, 100 %, 85
0, NVIDIA GeForce RTX 3060, 1707 MiB, 12288 MiB, 11 %, 57
1, NVIDIA GeForce RTX 4090, 7583 MiB, 24564 MiB, 98 %, 75
0, NVIDIA GeForce RTX 3060, 1708 MiB, 12288 MiB, 10 %, 57
1, NVIDIA GeForce RTX 4090, 7583 MiB, 24564 MiB, 100 %, 83
0, NVIDIA GeForce RTX 3060, 1719 MiB, 12288 MiB, 19 %, 57
1, NVIDIA GeForce RTX 4090, 7583 MiB, 24564 MiB, 100 %, 85
0, NVIDIA GeForce RTX 3060, 1719 MiB, 12288 MiB, 24 %, 57
1, NVIDIA GeForce RTX 4090, 7583 MiB, 24564 MiB, 99 %, 76
0, NVIDIA GeForce RTX 3060, 1719 MiB, 12288 MiB, 10 %, 57
1, NVIDIA GeForce RTX 4090, 7583 MiB, 24564 MiB, 100 %, 84
0, NVIDIA GeForce RTX 3060, 1726 MiB, 12288 MiB, 10 %, 57
1, NVIDIA GeForce RTX 4090, 7583 MiB, 24564 MiB, 99 %, 84
0, NVIDIA GeForce RTX 3060, 1720 MiB, 12288 MiB, 10 %, 57
1, NVIDIA GeForce RTX 4090, 7583 MiB, 24564 MiB, 99 %, 83
0, NVIDIA GeForce RTX 3060, 1714 MiB, 12288 MiB, 20 %, 57
1, NVIDIA GeForce RTX 4090, 7583 MiB, 24564 MiB, 100 %, 84
0, NVIDIA GeForce RTX 3060, 1713 MiB, 12288 MiB, 19 %, 57
1, NVIDIA GeForce RTX 4090, 7583 MiB, 24564 MiB, 99 %, 77
0, NVIDIA GeForce RTX 3060, 1702 MiB, 12288 MiB, 11 %, 57
1, NVIDIA GeForce RTX 4090, 7583 MiB, 24564 MiB, 100 %, 82
0, NVIDIA GeForce RTX 3060, 1708 MiB, 12288 MiB, 10 %, 57
1, NVIDIA GeForce RTX 4090, 7583 MiB, 24564 MiB, 100 %, 84
0, NVIDIA GeForce RTX 3060, 1709 MiB, 12288 MiB, 10 %, 57
1, NVIDIA GeForce RTX 4090, 7583 MiB, 24564 MiB, 98 %, 78
0, NVIDIA GeForce RTX 3060, 1709 MiB, 12288 MiB, 12 %, 57
1, NVIDIA GeForce RTX 4090, 7583 MiB, 24564 MiB, 100 %, 83
0, NVIDIA GeForce RTX 3060, 1709 MiB, 12288 MiB, 17 %, 57
1, NVIDIA GeForce RTX 4090, 7583 MiB, 24564 MiB, 100 %, 84
0, NVIDIA GeForce RTX 3060, 1709 MiB, 12288 MiB, 10 %, 57
1, NVIDIA GeForce RTX 4090, 7583 MiB, 24564 MiB, 98 %, 74
0, NVIDIA GeForce RTX 3060, 1708 MiB, 12288 MiB, 10 %, 57
1, NVIDIA GeForce RTX 4090, 7583 MiB, 24564 MiB, 100 %, 84
0, NVIDIA GeForce RTX 3060, 1708 MiB, 12288 MiB, 10 %, 57
1, NVIDIA GeForce RTX 4090, 7583 MiB, 24564 MiB, 99 %, 84
0, NVIDIA GeForce RTX 3060, 1713 MiB, 12288 MiB, 15 %, 57
1, NVIDIA GeForce RTX 4090, 7583 MiB, 24564 MiB, 99 %, 79
0, NVIDIA GeForce RTX 3060, 1714 MiB, 12288 MiB, 14 %, 57
1, NVIDIA GeForce RTX 4090, 7583 MiB, 24564 MiB, 100 %, 84
0, NVIDIA GeForce RTX 3060, 1714 MiB, 12288 MiB, 11 %, 57
1, NVIDIA GeForce RTX 4090, 7583 MiB, 24564 MiB, 99 %, 72
0, NVIDIA GeForce RTX 3060, 1722 MiB, 12288 MiB, 16 %, 57
1, NVIDIA GeForce RTX 4090, 7583 MiB, 24564 MiB, 98 %, 77
0, NVIDIA GeForce RTX 3060, 1722 MiB, 12288 MiB, 10 %, 57
1, NVIDIA GeForce RTX 4090, 7583 MiB, 24564 MiB, 100 %, 83
0, NVIDIA GeForce RTX 3060, 1722 MiB, 12288 MiB, 16 %, 57
1, NVIDIA GeForce RTX 4090, 7583 MiB, 24564 MiB, 100 %, 84
0, NVIDIA GeForce RTX 3060, 1722 MiB, 12288 MiB, 19 %, 57
1, NVIDIA GeForce RTX 4090, 7583 MiB, 24564 MiB, 99 %, 74
0, NVIDIA GeForce RTX 3060, 1714 MiB, 12288 MiB, 10 %, 57
1, NVIDIA GeForce RTX 4090, 7583 MiB, 24564 MiB, 100 %, 84
0, NVIDIA GeForce RTX 3060, 1713 MiB, 12288 MiB, 10 %, 57
1, NVIDIA GeForce RTX 4090, 7583 MiB, 24564 MiB, 99 %, 84
0, NVIDIA GeForce RTX 3060, 1709 MiB, 12288 MiB, 13 %, 57
1, NVIDIA GeForce RTX 4090, 7583 MiB, 24564 MiB, 100 %, 78
0, NVIDIA GeForce RTX 3060, 1709 MiB, 12288 MiB, 17 %, 57
1, NVIDIA GeForce RTX 4090, 7583 MiB, 24564 MiB, 100 %, 83
0, NVIDIA GeForce RTX 3060, 1709 MiB, 12288 MiB, 20 %, 57
1, NVIDIA GeForce RTX 4090, 7583 MiB, 24564 MiB, 99 %, 84
0, NVIDIA GeForce RTX 3060, 1708 MiB, 12288 MiB, 11 %, 57
1, NVIDIA GeForce RTX 4090, 7583 MiB, 24564 MiB, 99 %, 80
0, NVIDIA GeForce RTX 3060, 1708 MiB, 12288 MiB, 12 %, 57
1, NVIDIA GeForce RTX 4090, 7583 MiB, 24564 MiB, 100 %, 84
0, NVIDIA GeForce RTX 3060, 1708 MiB, 12288 MiB, 25 %, 57
1, NVIDIA GeForce RTX 4090, 7583 MiB, 24564 MiB, 99 %, 71
0, NVIDIA GeForce RTX 3060, 1712 MiB, 12288 MiB, 13 %, 57
1, NVIDIA GeForce RTX 4090, 7583 MiB, 24564 MiB, 100 %, 83
0, NVIDIA GeForce RTX 3060, 1712 MiB, 12288 MiB, 14 %, 57
1, NVIDIA GeForce RTX 4090, 7583 MiB, 24564 MiB, 100 %, 84
0, NVIDIA GeForce RTX 3060, 1708 MiB, 12288 MiB, 13 %, 57
1, NVIDIA GeForce RTX 4090, 7583 MiB, 24564 MiB, 98 %, 73
0, NVIDIA GeForce RTX 3060, 1708 MiB, 12288 MiB, 11 %, 57
1, NVIDIA GeForce RTX 4090, 7583 MiB, 24564 MiB, 100 %, 83
0, NVIDIA GeForce RTX 3060, 1708 MiB, 12288 MiB, 12 %, 57
1, NVIDIA GeForce RTX 4090, 7583 MiB, 24564 MiB, 100 %, 84
0, NVIDIA GeForce RTX 3060, 1702 MiB, 12288 MiB, 13 %, 57
1, NVIDIA GeForce RTX 4090, 7583 MiB, 24564 MiB, 99 %, 73
0, NVIDIA GeForce RTX 3060, 1702 MiB, 12288 MiB, 16 %, 57
1, NVIDIA GeForce RTX 4090, 7583 MiB, 24564 MiB, 100 %, 84
0, NVIDIA GeForce RTX 3060, 1708 MiB, 12288 MiB, 11 %, 57
1, NVIDIA GeForce RTX 4090, 7583 MiB, 24564 MiB, 99 %, 79
0, NVIDIA GeForce RTX 3060, 1709 MiB, 12288 MiB, 12 %, 57
1, NVIDIA GeForce RTX 4090, 7583 MiB, 24564 MiB, 99 %, 81
0, NVIDIA GeForce RTX 3060, 1709 MiB, 12288 MiB, 15 %, 57
1, NVIDIA GeForce RTX 4090, 7583 MiB, 24564 MiB, 100 %, 84
0, NVIDIA GeForce RTX 3060, 1709 MiB, 12288 MiB, 17 %, 57
1, NVIDIA GeForce RTX 4090, 7583 MiB, 24564 MiB, 100 %, 71
0, NVIDIA GeForce RTX 3060, 1709 MiB, 12288 MiB, 19 %, 57
1, NVIDIA GeForce RTX 4090, 7583 MiB, 24564 MiB, 100 %, 83
0, NVIDIA GeForce RTX 3060, 1708 MiB, 12288 MiB, 11 %, 57
1, NVIDIA GeForce RTX 4090, 7583 MiB, 24564 MiB, 100 %, 84
0, NVIDIA GeForce RTX 3060, 1708 MiB, 12288 MiB, 11 %, 57
1, NVIDIA GeForce RTX 4090, 7583 MiB, 24564 MiB, 99 %, 80
0, NVIDIA GeForce RTX 3060, 1702 MiB, 12288 MiB, 18 %, 57
1, NVIDIA GeForce RTX 4090, 7583 MiB, 24564 MiB, 100 %, 84
0, NVIDIA GeForce RTX 3060, 1713 MiB, 12288 MiB, 15 %, 57
1, NVIDIA GeForce RTX 4090, 7583 MiB, 24564 MiB, 99 %, 71
0, NVIDIA GeForce RTX 3060, 1713 MiB, 12288 MiB, 16 %, 57
1, NVIDIA GeForce RTX 4090, 7583 MiB, 24564 MiB, 99 %, 83
0, NVIDIA GeForce RTX 3060, 1718 MiB, 12288 MiB, 22 %, 57
1, NVIDIA GeForce RTX 4090, 7583 MiB, 24564 MiB, 100 %, 84
0, NVIDIA GeForce RTX 3060, 1722 MiB, 12288 MiB, 13 %, 57
1, NVIDIA GeForce RTX 4090, 7583 MiB, 24564 MiB, 99 %, 72
0, NVIDIA GeForce RTX 3060, 1722 MiB, 12288 MiB, 18 %, 57
1, NVIDIA GeForce RTX 4090, 7583 MiB, 24564 MiB, 100 %, 82
0, NVIDIA GeForce RTX 3060, 1730 MiB, 12288 MiB, 12 %, 57
1, NVIDIA GeForce RTX 4090, 7583 MiB, 24564 MiB, 100 %, 84
0, NVIDIA GeForce RTX 3060, 1727 MiB, 12288 MiB, 13 %, 57
1, NVIDIA GeForce RTX 4090, 7583 MiB, 24564 MiB, 99 %, 74
0, NVIDIA GeForce RTX 3060, 1719 MiB, 12288 MiB, 15 %, 57
1, NVIDIA GeForce RTX 4090, 7583 MiB, 24564 MiB, 100 %, 83
0, NVIDIA GeForce RTX 3060, 1719 MiB, 12288 MiB, 12 %, 57
1, NVIDIA GeForce RTX 4090, 7583 MiB, 24564 MiB, 100 %, 79
0, NVIDIA GeForce RTX 3060, 1714 MiB, 12288 MiB, 14 %, 57
1, NVIDIA GeForce RTX 4090, 7583 MiB, 24564 MiB, 98 %, 81
0, NVIDIA GeForce RTX 3060, 1713 MiB, 12288 MiB, 13 %, 57
1, NVIDIA GeForce RTX 4090, 7583 MiB, 24564 MiB, 100 %, 84
0, NVIDIA GeForce RTX 3060, 1713 MiB, 12288 MiB, 14 %, 57
1, NVIDIA GeForce RTX 4090, 7583 MiB, 24564 MiB, 98 %, 77
0, NVIDIA GeForce RTX 3060, 1708 MiB, 12288 MiB, 16 %, 57
1, NVIDIA GeForce RTX 4090, 7583 MiB, 24564 MiB, 99 %, 82
0, NVIDIA GeForce RTX 3060, 1708 MiB, 12288 MiB, 13 %, 57
1, NVIDIA GeForce RTX 4090, 7583 MiB, 24564 MiB, 100 %, 84
0, NVIDIA GeForce RTX 3060, 1709 MiB, 12288 MiB, 12 %, 57
1, NVIDIA GeForce RTX 4090, 7583 MiB, 24564 MiB, 100 %, 73
0, NVIDIA GeForce RTX 3060, 1709 MiB, 12288 MiB, 12 %, 57
1, NVIDIA GeForce RTX 4090, 7583 MiB, 24564 MiB, 100 %, 84
0, NVIDIA GeForce RTX 3060, 1709 MiB, 12288 MiB, 19 %, 57
1, NVIDIA GeForce RTX 4090, 7583 MiB, 24564 MiB, 100 %, 84
0, NVIDIA GeForce RTX 3060, 1708 MiB, 12288 MiB, 21 %, 57
1, NVIDIA GeForce RTX 4090, 7583 MiB, 24564 MiB, 93 %, 76
0, NVIDIA GeForce RTX 3060, 1708 MiB, 12288 MiB, 12 %, 57
1, NVIDIA GeForce RTX 4090, 7583 MiB, 24564 MiB, 100 %, 83
0, NVIDIA GeForce RTX 3060, 1703 MiB, 12288 MiB, 12 %, 57
1, NVIDIA GeForce RTX 4090, 7583 MiB, 24564 MiB, 100 %, 75
0, NVIDIA GeForce RTX 3060, 1703 MiB, 12288 MiB, 13 %, 57
1, NVIDIA GeForce RTX 4090, 7583 MiB, 24564 MiB, 99 %, 82
0, NVIDIA GeForce RTX 3060, 1703 MiB, 12288 MiB, 20 %, 57
1, NVIDIA GeForce RTX 4090, 7583 MiB, 24564 MiB, 100 %, 84
0, NVIDIA GeForce RTX 3060, 1708 MiB, 12288 MiB, 20 %, 57
1, NVIDIA GeForce RTX 4090, 7583 MiB, 24564 MiB, 99 %, 76
0, NVIDIA GeForce RTX 3060, 1714 MiB, 12288 MiB, 12 %, 57
1, NVIDIA GeForce RTX 4090, 7583 MiB, 24564 MiB, 100 %, 83
0, NVIDIA GeForce RTX 3060, 1715 MiB, 12288 MiB, 13 %, 57
1, NVIDIA GeForce RTX 4090, 7583 MiB, 24564 MiB, 100 %, 84
0, NVIDIA GeForce RTX 3060, 1709 MiB, 12288 MiB, 14 %, 57
1, NVIDIA GeForce RTX 4090, 7583 MiB, 24564 MiB, 100 %, 84
0, NVIDIA GeForce RTX 3060, 1709 MiB, 12288 MiB, 14 %, 57
1, NVIDIA GeForce RTX 4090, 7583 MiB, 24564 MiB, 99 %, 75
0, NVIDIA GeForce RTX 3060, 1709 MiB, 12288 MiB, 15 %, 57
1, NVIDIA GeForce RTX 4090, 7583 MiB, 24564 MiB, 100 %, 84
0, NVIDIA GeForce RTX 3060, 1718 MiB, 12288 MiB, 12 %, 57
1, NVIDIA GeForce RTX 4090, 7583 MiB, 24564 MiB, 100 %, 78
0, NVIDIA GeForce RTX 3060, 1714 MiB, 12288 MiB, 12 %, 57
1, NVIDIA GeForce RTX 4090, 7583 MiB, 24564 MiB, 98 %, 81
0, NVIDIA GeForce RTX 3060, 1714 MiB, 12288 MiB, 13 %, 57
1, NVIDIA GeForce RTX 4090, 7583 MiB, 24564 MiB, 100 %, 84
0, NVIDIA GeForce RTX 3060, 1714 MiB, 12288 MiB, 14 %, 57
1, NVIDIA GeForce RTX 4090, 7583 MiB, 24564 MiB, 99 %, 77
0, NVIDIA GeForce RTX 3060, 1719 MiB, 12288 MiB, 14 %, 57
1, NVIDIA GeForce RTX 4090, 7583 MiB, 24564 MiB, 99 %, 83
0, NVIDIA GeForce RTX 3060, 1718 MiB, 12288 MiB, 12 %, 57
1, NVIDIA GeForce RTX 4090, 7583 MiB, 24564 MiB, 100 %, 85
0, NVIDIA GeForce RTX 3060, 1719 MiB, 12288 MiB, 13 %, 57
1, NVIDIA GeForce RTX 4090, 7583 MiB, 24564 MiB, 99 %, 74
0, NVIDIA GeForce RTX 3060, 1709 MiB, 12288 MiB, 13 %, 57
1, NVIDIA GeForce RTX 4090, 7583 MiB, 24564 MiB, 100 %, 83
0, NVIDIA GeForce RTX 3060, 1709 MiB, 12288 MiB, 19 %, 57
1, NVIDIA GeForce RTX 4090, 7583 MiB, 24564 MiB, 100 %, 85
0, NVIDIA GeForce RTX 3060, 1718 MiB, 12288 MiB, 21 %, 57
1, NVIDIA GeForce RTX 4090, 7583 MiB, 24564 MiB, 98 %, 76
0, NVIDIA GeForce RTX 3060, 1718 MiB, 12288 MiB, 12 %, 57
1, NVIDIA GeForce RTX 4090, 7583 MiB, 24564 MiB, 100 %, 84
0, NVIDIA GeForce RTX 3060, 1718 MiB, 12288 MiB, 16 %, 57
1, NVIDIA GeForce RTX 4090, 7583 MiB, 24564 MiB, 100 %, 73
0, NVIDIA GeForce RTX 3060, 1722 MiB, 12288 MiB, 13 %, 57
1, NVIDIA GeForce RTX 4090, 7583 MiB, 24564 MiB, 99 %, 82
0, NVIDIA GeForce RTX 3060, 1723 MiB, 12288 MiB, 22 %, 57
1, NVIDIA GeForce RTX 4090, 7583 MiB, 24564 MiB, 100 %, 84
0, NVIDIA GeForce RTX 3060, 1731 MiB, 12288 MiB, 33 %, 57
1, NVIDIA GeForce RTX 4090, 7583 MiB, 24564 MiB, 99 %, 75
0, NVIDIA GeForce RTX 3060, 1731 MiB, 12288 MiB, 12 %, 57
1, NVIDIA GeForce RTX 4090, 7583 MiB, 24564 MiB, 100 %, 83
0, NVIDIA GeForce RTX 3060, 1730 MiB, 12288 MiB, 13 %, 57
1, NVIDIA GeForce RTX 4090, 7583 MiB, 24564 MiB, 100 %, 84
0, NVIDIA GeForce RTX 3060, 1713 MiB, 12288 MiB, 12 %, 57
1, NVIDIA GeForce RTX 4090, 7583 MiB, 24564 MiB, 99 %, 72
0, NVIDIA GeForce RTX 3060, 1711 MiB, 12288 MiB, 14 %, 57
1, NVIDIA GeForce RTX 4090, 7583 MiB, 24564 MiB, 100 %, 84
0, NVIDIA GeForce RTX 3060, 1708 MiB, 12288 MiB, 14 %, 57
1, NVIDIA GeForce RTX 4090, 7583 MiB, 24564 MiB, 100 %, 80
0, NVIDIA GeForce RTX 3060, 1702 MiB, 12288 MiB, 12 %, 57
1, NVIDIA GeForce RTX 4090, 7583 MiB, 24564 MiB, 99 %, 81
0, NVIDIA GeForce RTX 3060, 1702 MiB, 12288 MiB, 12 %, 57
1, NVIDIA GeForce RTX 4090, 7583 MiB, 24564 MiB, 100 %, 84
0, NVIDIA GeForce RTX 3060, 1702 MiB, 12288 MiB, 12 %, 57
1, NVIDIA GeForce RTX 4090, 7583 MiB, 24564 MiB, 99 %, 75
0, NVIDIA GeForce RTX 3060, 1718 MiB, 12288 MiB, 17 %, 57
1, NVIDIA GeForce RTX 4090, 7583 MiB, 24564 MiB, 99 %, 83
0, NVIDIA GeForce RTX 3060, 1714 MiB, 12288 MiB, 19 %, 57
1, NVIDIA GeForce RTX 4090, 7583 MiB, 24564 MiB, 100 %, 84
0, NVIDIA GeForce RTX 3060, 1714 MiB, 12288 MiB, 13 %, 57
1, NVIDIA GeForce RTX 4090, 7583 MiB, 24564 MiB, 99 %, 75
0, NVIDIA GeForce RTX 3060, 1714 MiB, 12288 MiB, 13 %, 57
1, NVIDIA GeForce RTX 4090, 7583 MiB, 24564 MiB, 100 %, 83
0, NVIDIA GeForce RTX 3060, 1714 MiB, 12288 MiB, 14 %, 57
1, NVIDIA GeForce RTX 4090, 7583 MiB, 24564 MiB, 100 %, 83
0, NVIDIA GeForce RTX 3060, 1714 MiB, 12288 MiB, 22 %, 57
1, NVIDIA GeForce RTX 4090, 7583 MiB, 24564 MiB, 98 %, 75
0, NVIDIA GeForce RTX 3060, 1713 MiB, 12288 MiB, 18 %, 57
1, NVIDIA GeForce RTX 4090, 7583 MiB, 24564 MiB, 100 %, 83
0, NVIDIA GeForce RTX 3060, 1702 MiB, 12288 MiB, 13 %, 57
1, NVIDIA GeForce RTX 4090, 7583 MiB, 24564 MiB, 100 %, 78
0, NVIDIA GeForce RTX 3060, 1702 MiB, 12288 MiB, 13 %, 57
1, NVIDIA GeForce RTX 4090, 7583 MiB, 24564 MiB, 98 %, 82
0, NVIDIA GeForce RTX 3060, 1702 MiB, 12288 MiB, 15 %, 57
1, NVIDIA GeForce RTX 4090, 7583 MiB, 24564 MiB, 100 %, 84
0, NVIDIA GeForce RTX 3060, 1708 MiB, 12288 MiB, 12 %, 57
1, NVIDIA GeForce RTX 4090, 7583 MiB, 24564 MiB, 99 %, 78
0, NVIDIA GeForce RTX 3060, 1708 MiB, 12288 MiB, 14 %, 57
1, NVIDIA GeForce RTX 4090, 7583 MiB, 24564 MiB, 100 %, 83
0, NVIDIA GeForce RTX 3060, 1718 MiB, 12288 MiB, 19 %, 57
1, NVIDIA GeForce RTX 4090, 7583 MiB, 24564 MiB, 100 %, 84
0, NVIDIA GeForce RTX 3060, 1722 MiB, 12288 MiB, 13 %, 57
1, NVIDIA GeForce RTX 4090, 7583 MiB, 24564 MiB, 100 %, 73
0, NVIDIA GeForce RTX 3060, 1722 MiB, 12288 MiB, 18 %, 57
1, NVIDIA GeForce RTX 4090, 7583 MiB, 24564 MiB, 100 %, 83
0, NVIDIA GeForce RTX 3060, 1722 MiB, 12288 MiB, 12 %, 57
1, NVIDIA GeForce RTX 4090, 7583 MiB, 24564 MiB, 100 %, 85
0, NVIDIA GeForce RTX 3060, 1718 MiB, 12288 MiB, 12 %, 57
1, NVIDIA GeForce RTX 4090, 7583 MiB, 24564 MiB, 99 %, 77
0, NVIDIA GeForce RTX 3060, 1713 MiB, 12288 MiB, 15 %, 57
1, NVIDIA GeForce RTX 4090, 7583 MiB, 24564 MiB, 100 %, 84
0, NVIDIA GeForce RTX 3060, 1703 MiB, 12288 MiB, 12 %, 57
1, NVIDIA GeForce RTX 4090, 7583 MiB, 24564 MiB, 100 %, 73
0, NVIDIA GeForce RTX 3060, 1703 MiB, 12288 MiB, 14 %, 57
1, NVIDIA GeForce RTX 4090, 7583 MiB, 24564 MiB, 99 %, 82
0, NVIDIA GeForce RTX 3060, 1703 MiB, 12288 MiB, 15 %, 57
1, NVIDIA GeForce RTX 4090, 7583 MiB, 24564 MiB, 100 %, 84
0, NVIDIA GeForce RTX 3060, 1708 MiB, 12288 MiB, 17 %, 57
1, NVIDIA GeForce RTX 4090, 7583 MiB, 24564 MiB, 99 %, 75
0, NVIDIA GeForce RTX 3060, 1709 MiB, 12288 MiB, 21 %, 57
1, NVIDIA GeForce RTX 4090, 7583 MiB, 24564 MiB, 100 %, 84
0, NVIDIA GeForce RTX 3060, 1709 MiB, 12288 MiB, 13 %, 57
1, NVIDIA GeForce RTX 4090, 7583 MiB, 24564 MiB, 100 %, 84
0, NVIDIA GeForce RTX 3060, 1709 MiB, 12288 MiB, 21 %, 57
1, NVIDIA GeForce RTX 4090, 7583 MiB, 24564 MiB, 99 %, 73
0, NVIDIA GeForce RTX 3060, 1709 MiB, 12288 MiB, 13 %, 57
1, NVIDIA GeForce RTX 4090, 7583 MiB, 24564 MiB, 100 %, 84
0, NVIDIA GeForce RTX 3060, 1708 MiB, 12288 MiB, 16 %, 57
1, NVIDIA GeForce RTX 4090, 7583 MiB, 24564 MiB, 99 %, 77
0, NVIDIA GeForce RTX 3060, 1702 MiB, 12288 MiB, 22 %, 57
1, NVIDIA GeForce RTX 4090, 7583 MiB, 24564 MiB, 100 %, 81
0, NVIDIA GeForce RTX 3060, 1703 MiB, 12288 MiB, 12 %, 57
1, NVIDIA GeForce RTX 4090, 7583 MiB, 24564 MiB, 100 %, 84
0, NVIDIA GeForce RTX 3060, 1703 MiB, 12288 MiB, 21 %, 57
1, NVIDIA GeForce RTX 4090, 7583 MiB, 24564 MiB, 99 %, 76
0, NVIDIA GeForce RTX 3060, 1703 MiB, 12288 MiB, 13 %, 57
1, NVIDIA GeForce RTX 4090, 7583 MiB, 24564 MiB, 100 %, 83
0, NVIDIA GeForce RTX 3060, 1709 MiB, 12288 MiB, 14 %, 57
1, NVIDIA GeForce RTX 4090, 7583 MiB, 24564 MiB, 100 %, 84
0, NVIDIA GeForce RTX 3060, 1714 MiB, 12288 MiB, 24 %, 57
1, NVIDIA GeForce RTX 4090, 7583 MiB, 24564 MiB, 99 %, 75
0, NVIDIA GeForce RTX 3060, 1713 MiB, 12288 MiB, 12 %, 57
1, NVIDIA GeForce RTX 4090, 7583 MiB, 24564 MiB, 98 %, 70
0, NVIDIA GeForce RTX 3060, 1713 MiB, 12288 MiB, 17 %, 57
1, NVIDIA GeForce RTX 4090, 7583 MiB, 24564 MiB, 100 %, 84
0, NVIDIA GeForce RTX 3060, 1719 MiB, 12288 MiB, 14 %, 57
1, NVIDIA GeForce RTX 4090, 7583 MiB, 24564 MiB, 99 %, 77
0, NVIDIA GeForce RTX 3060, 1714 MiB, 12288 MiB, 14 %, 57
1, NVIDIA GeForce RTX 4090, 7583 MiB, 24564 MiB, 99 %, 80
0, NVIDIA GeForce RTX 3060, 1702 MiB, 12288 MiB, 15 %, 57
1, NVIDIA GeForce RTX 4090, 7583 MiB, 24564 MiB, 100 %, 84
0, NVIDIA GeForce RTX 3060, 1713 MiB, 12288 MiB, 12 %, 57
1, NVIDIA GeForce RTX 4090, 7583 MiB, 24564 MiB, 98 %, 74
0, NVIDIA GeForce RTX 3060, 1711 MiB, 12288 MiB, 14 %, 57
1, NVIDIA GeForce RTX 4090, 7583 MiB, 24564 MiB, 100 %, 82
0, NVIDIA GeForce RTX 3060, 1711 MiB, 12288 MiB, 12 %, 57
1, NVIDIA GeForce RTX 4090, 7583 MiB, 24564 MiB, 100 %, 84
0, NVIDIA GeForce RTX 3060, 1716 MiB, 12288 MiB, 12 %, 57
1, NVIDIA GeForce RTX 4090, 7583 MiB, 24564 MiB, 99 %, 74
0, NVIDIA GeForce RTX 3060, 1716 MiB, 12288 MiB, 18 %, 57
1, NVIDIA GeForce RTX 4090, 7583 MiB, 24564 MiB, 100 %, 83
0, NVIDIA GeForce RTX 3060, 1716 MiB, 12288 MiB, 13 %, 57
1, NVIDIA GeForce RTX 4090, 7583 MiB, 24564 MiB, 100 %, 84
0, NVIDIA GeForce RTX 3060, 1706 MiB, 12288 MiB, 19 %, 57
1, NVIDIA GeForce RTX 4090, 7583 MiB, 24564 MiB, 98 %, 70
0, NVIDIA GeForce RTX 3060, 1706 MiB, 12288 MiB, 13 %, 57
1, NVIDIA GeForce RTX 4090, 7583 MiB, 24564 MiB, 100 %, 84
0, NVIDIA GeForce RTX 3060, 1705 MiB, 12288 MiB, 13 %, 57
1, NVIDIA GeForce RTX 4090, 7583 MiB, 24564 MiB, 99 %, 79
0, NVIDIA GeForce RTX 3060, 1700 MiB, 12288 MiB, 20 %, 57
1, NVIDIA GeForce RTX 4090, 7583 MiB, 24564 MiB, 99 %, 81
0, NVIDIA GeForce RTX 3060, 1700 MiB, 12288 MiB, 12 %, 57
1, NVIDIA GeForce RTX 4090, 7583 MiB, 24564 MiB, 100 %, 84
0, NVIDIA GeForce RTX 3060, 1700 MiB, 12288 MiB, 27 %, 57
1, NVIDIA GeForce RTX 4090, 7583 MiB, 24564 MiB, 99 %, 74
0, NVIDIA GeForce RTX 3060, 1705 MiB, 12288 MiB, 12 %, 57
1, NVIDIA GeForce RTX 4090, 7583 MiB, 24564 MiB, 100 %, 83
0, NVIDIA GeForce RTX 3060, 1705 MiB, 12288 MiB, 12 %, 57
1, NVIDIA GeForce RTX 4090, 7583 MiB, 24564 MiB, 100 %, 84
0, NVIDIA GeForce RTX 3060, 1709 MiB, 12288 MiB, 20 %, 57
1, NVIDIA GeForce RTX 4090, 7583 MiB, 24564 MiB, 98 %, 77
0, NVIDIA GeForce RTX 3060, 1709 MiB, 12288 MiB, 12 %, 57
1, NVIDIA GeForce RTX 4090, 7583 MiB, 24564 MiB, 100 %, 84
0, NVIDIA GeForce RTX 3060, 1712 MiB, 12288 MiB, 20 %, 57
1, NVIDIA GeForce RTX 4090, 7583 MiB, 24564 MiB, 100 %, 84
0, NVIDIA GeForce RTX 3060, 1712 MiB, 12288 MiB, 12 %, 57
1, NVIDIA GeForce RTX 4090, 7583 MiB, 24564 MiB, 99 %, 76
0, NVIDIA GeForce RTX 3060, 1711 MiB, 12288 MiB, 13 %, 57
1, NVIDIA GeForce RTX 4090, 7583 MiB, 24564 MiB, 100 %, 83
0, NVIDIA GeForce RTX 3060, 1700 MiB, 12288 MiB, 14 %, 57
1, NVIDIA GeForce RTX 4090, 7583 MiB, 24564 MiB, 99 %, 77
0, NVIDIA GeForce RTX 3060, 1700 MiB, 12288 MiB, 11 %, 57
1, NVIDIA GeForce RTX 4090, 7583 MiB, 24564 MiB, 100 %, 81
0, NVIDIA GeForce RTX 3060, 1705 MiB, 12288 MiB, 27 %, 57
1, NVIDIA GeForce RTX 4090, 7583 MiB, 24564 MiB, 100 %, 84
0, NVIDIA GeForce RTX 3060, 1705 MiB, 12288 MiB, 12 %, 57
1, NVIDIA GeForce RTX 4090, 7583 MiB, 24564 MiB, 98 %, 79
0, NVIDIA GeForce RTX 3060, 1715 MiB, 12288 MiB, 13 %, 57
1, NVIDIA GeForce RTX 4090, 7583 MiB, 24564 MiB, 100 %, 83
0, NVIDIA GeForce RTX 3060, 1716 MiB, 12288 MiB, 15 %, 57
1, NVIDIA GeForce RTX 4090, 7583 MiB, 24564 MiB, 100 %, 83
0, NVIDIA GeForce RTX 3060, 1716 MiB, 12288 MiB, 13 %, 57
1, NVIDIA GeForce RTX 4090, 7583 MiB, 24564 MiB, 98 %, 71
0, NVIDIA GeForce RTX 3060, 1716 MiB, 12288 MiB, 21 %, 57
1, NVIDIA GeForce RTX 4090, 7583 MiB, 24564 MiB, 100 %, 84
0, NVIDIA GeForce RTX 3060, 1716 MiB, 12288 MiB, 12 %, 57
1, NVIDIA GeForce RTX 4090, 7583 MiB, 24564 MiB, 99 %, 81
0, NVIDIA GeForce RTX 3060, 1715 MiB, 12288 MiB, 16 %, 57
1, NVIDIA GeForce RTX 4090, 7583 MiB, 24564 MiB, 99 %, 83
0, NVIDIA GeForce RTX 3060, 1715 MiB, 12288 MiB, 21 %, 57
1, NVIDIA GeForce RTX 4090, 7583 MiB, 24564 MiB, 100 %, 84
0, NVIDIA GeForce RTX 3060, 1705 MiB, 12288 MiB, 13 %, 57
1, NVIDIA GeForce RTX 4090, 7583 MiB, 24564 MiB, 99 %, 71
0, NVIDIA GeForce RTX 3060, 1700 MiB, 12288 MiB, 13 %, 57
1, NVIDIA GeForce RTX 4090, 7583 MiB, 24564 MiB, 100 %, 84
0, NVIDIA GeForce RTX 3060, 1705 MiB, 12288 MiB, 16 %, 57
1, NVIDIA GeForce RTX 4090, 7583 MiB, 24564 MiB, 100 %, 84
0, NVIDIA GeForce RTX 3060, 1706 MiB, 12288 MiB, 23 %, 57
1, NVIDIA GeForce RTX 4090, 7583 MiB, 24564 MiB, 98 %, 76
0, NVIDIA GeForce RTX 3060, 1706 MiB, 12288 MiB, 23 %, 57
1, NVIDIA GeForce RTX 4090, 7583 MiB, 24564 MiB, 100 %, 83
0, NVIDIA GeForce RTX 3060, 1706 MiB, 12288 MiB, 16 %, 57
1, NVIDIA GeForce RTX 4090, 7583 MiB, 24564 MiB, 99 %, 72
0, NVIDIA GeForce RTX 3060, 1716 MiB, 12288 MiB, 17 %, 57
1, NVIDIA GeForce RTX 4090, 7583 MiB, 24564 MiB, 99 %, 81
0, NVIDIA GeForce RTX 3060, 1715 MiB, 12288 MiB, 14 %, 57
1, NVIDIA GeForce RTX 4090, 7583 MiB, 24564 MiB, 100 %, 84
0, NVIDIA GeForce RTX 3060, 1711 MiB, 12288 MiB, 22 %, 57
1, NVIDIA GeForce RTX 4090, 7583 MiB, 24564 MiB, 99 %, 76
0, NVIDIA GeForce RTX 3060, 1711 MiB, 12288 MiB, 23 %, 57
1, NVIDIA GeForce RTX 4090, 7583 MiB, 24564 MiB, 100 %, 83
0, NVIDIA GeForce RTX 3060, 1712 MiB, 12288 MiB, 15 %, 57
1, NVIDIA GeForce RTX 4090, 7583 MiB, 24564 MiB, 100 %, 84
0, NVIDIA GeForce RTX 3060, 1712 MiB, 12288 MiB, 17 %, 57
1, NVIDIA GeForce RTX 4090, 7583 MiB, 24564 MiB, 99 %, 70
0, NVIDIA GeForce RTX 3060, 1717 MiB, 12288 MiB, 14 %, 57
1, NVIDIA GeForce RTX 4090, 7583 MiB, 24564 MiB, 100 %, 84
0, NVIDIA GeForce RTX 3060, 1706 MiB, 12288 MiB, 14 %, 57
1, NVIDIA GeForce RTX 4090, 7583 MiB, 24564 MiB, 100 %, 84
0, NVIDIA GeForce RTX 3060, 1706 MiB, 12288 MiB, 13 %, 57
1, NVIDIA GeForce RTX 4090, 7583 MiB, 24564 MiB, 99 %, 81
0, NVIDIA GeForce RTX 3060, 1706 MiB, 12288 MiB, 20 %, 57
1, NVIDIA GeForce RTX 4090, 7583 MiB, 24564 MiB, 100 %, 84
0, NVIDIA GeForce RTX 3060, 1706 MiB, 12288 MiB, 13 %, 57
1, NVIDIA GeForce RTX 4090, 7583 MiB, 24564 MiB, 99 %, 71
0, NVIDIA GeForce RTX 3060, 1705 MiB, 12288 MiB, 20 %, 57
1, NVIDIA GeForce RTX 4090, 7583 MiB, 24564 MiB, 99 %, 83
0, NVIDIA GeForce RTX 3060, 1705 MiB, 12288 MiB, 12 %, 57
1, NVIDIA GeForce RTX 4090, 7583 MiB, 24564 MiB, 100 %, 84
0, NVIDIA GeForce RTX 3060, 1700 MiB, 12288 MiB, 13 %, 57
1, NVIDIA GeForce RTX 4090, 7583 MiB, 24564 MiB, 99 %, 73
0, NVIDIA GeForce RTX 3060, 1700 MiB, 12288 MiB, 27 %, 57
1, NVIDIA GeForce RTX 4090, 7583 MiB, 24564 MiB, 100 %, 84
0, NVIDIA GeForce RTX 3060, 1700 MiB, 12288 MiB, 13 %, 57
1, NVIDIA GeForce RTX 4090, 7583 MiB, 24564 MiB, 100 %, 84
0, NVIDIA GeForce RTX 3060, 1705 MiB, 12288 MiB, 23 %, 57
1, NVIDIA GeForce RTX 4090, 7583 MiB, 24564 MiB, 98 %, 75
0, NVIDIA GeForce RTX 3060, 1705 MiB, 12288 MiB, 12 %, 57
1, NVIDIA GeForce RTX 4090, 7583 MiB, 24564 MiB, 100 %, 84
0, NVIDIA GeForce RTX 3060, 1705 MiB, 12288 MiB, 12 %, 57
1, NVIDIA GeForce RTX 4090, 7583 MiB, 24564 MiB, 100 %, 84
0, NVIDIA GeForce RTX 3060, 1705 MiB, 12288 MiB, 22 %, 57
1, NVIDIA GeForce RTX 4090, 7583 MiB, 24564 MiB, 99 %, 73
0, NVIDIA GeForce RTX 3060, 1705 MiB, 12288 MiB, 12 %, 57
1, NVIDIA GeForce RTX 4090, 7583 MiB, 24564 MiB, 99 %, 82
0, NVIDIA GeForce RTX 3060, 1700 MiB, 12288 MiB, 14 %, 57
1, NVIDIA GeForce RTX 4090, 7583 MiB, 24564 MiB, 100 %, 84
0, NVIDIA GeForce RTX 3060, 1700 MiB, 12288 MiB, 12 %, 57
1, NVIDIA GeForce RTX 4090, 7583 MiB, 24564 MiB, 99 %, 74
0, NVIDIA GeForce RTX 3060, 1700 MiB, 12288 MiB, 13 %, 57
1, NVIDIA GeForce RTX 4090, 7583 MiB, 24564 MiB, 100 %, 83
0, NVIDIA GeForce RTX 3060, 1707 MiB, 12288 MiB, 19 %, 57
1, NVIDIA GeForce RTX 4090, 7583 MiB, 24564 MiB, 100 %, 84
0, NVIDIA GeForce RTX 3060, 1707 MiB, 12288 MiB, 12 %, 57
1, NVIDIA GeForce RTX 4090, 7583 MiB, 24564 MiB, 99 %, 70
0, NVIDIA GeForce RTX 3060, 1706 MiB, 12288 MiB, 14 %, 57
1, NVIDIA GeForce RTX 4090, 7583 MiB, 24564 MiB, 100 %, 84
0, NVIDIA GeForce RTX 3060, 1700 MiB, 12288 MiB, 14 %, 57
1, NVIDIA GeForce RTX 4090, 7583 MiB, 24564 MiB, 100 %, 79
0, NVIDIA GeForce RTX 3060, 1700 MiB, 12288 MiB, 13 %, 57
1, NVIDIA GeForce RTX 4090, 7583 MiB, 24564 MiB, 98 %, 81
0, NVIDIA GeForce RTX 3060, 1700 MiB, 12288 MiB, 20 %, 57
1, NVIDIA GeForce RTX 4090, 7583 MiB, 24564 MiB, 100 %, 84
0, NVIDIA GeForce RTX 3060, 1700 MiB, 12288 MiB, 12 %, 57
1, NVIDIA GeForce RTX 4090, 7583 MiB, 24564 MiB, 99 %, 73
0, NVIDIA GeForce RTX 3060, 1707 MiB, 12288 MiB, 19 %, 57
1, NVIDIA GeForce RTX 4090, 7583 MiB, 24564 MiB, 99 %, 83
0, NVIDIA GeForce RTX 3060, 1707 MiB, 12288 MiB, 12 %, 57
1, NVIDIA GeForce RTX 4090, 7583 MiB, 24564 MiB, 100 %, 84
0, NVIDIA GeForce RTX 3060, 1706 MiB, 12288 MiB, 14 %, 57
1, NVIDIA GeForce RTX 4090, 7583 MiB, 24564 MiB, 100 %, 75
0, NVIDIA GeForce RTX 3060, 1705 MiB, 12288 MiB, 21 %, 57
1, NVIDIA GeForce RTX 4090, 7583 MiB, 24564 MiB, 100 %, 83
0, NVIDIA GeForce RTX 3060, 1706 MiB, 12288 MiB, 14 %, 57
1, NVIDIA GeForce RTX 4090, 7583 MiB, 24564 MiB, 100 %, 84
0, NVIDIA GeForce RTX 3060, 1706 MiB, 12288 MiB, 18 %, 57
1, NVIDIA GeForce RTX 4090, 7583 MiB, 24564 MiB, 99 %, 75
0, NVIDIA GeForce RTX 3060, 1716 MiB, 12288 MiB, 11 %, 57
1, NVIDIA GeForce RTX 4090, 7583 MiB, 24564 MiB, 100 %, 83
0, NVIDIA GeForce RTX 3060, 1715 MiB, 12288 MiB, 13 %, 57
1, NVIDIA GeForce RTX 4090, 7583 MiB, 24564 MiB, 100 %, 77
0, NVIDIA GeForce RTX 3060, 1715 MiB, 12288 MiB, 33 %, 57
1, NVIDIA GeForce RTX 4090, 7583 MiB, 24564 MiB, 98 %, 81
0, NVIDIA GeForce RTX 3060, 1715 MiB, 12288 MiB, 11 %, 57
1, NVIDIA GeForce RTX 4090, 7583 MiB, 24564 MiB, 100 %, 84
0, NVIDIA GeForce RTX 3060, 1715 MiB, 12288 MiB, 16 %, 57
1, NVIDIA GeForce RTX 4090, 7583 MiB, 24564 MiB, 99 %, 71
0, NVIDIA GeForce RTX 3060, 1710 MiB, 12288 MiB, 11 %, 57
1, NVIDIA GeForce RTX 4090, 7583 MiB, 24564 MiB, 99 %, 83
0, NVIDIA GeForce RTX 3060, 1710 MiB, 12288 MiB, 15 %, 57
1, NVIDIA GeForce RTX 4090, 7583 MiB, 24564 MiB, 100 %, 84
0, NVIDIA GeForce RTX 3060, 1710 MiB, 12288 MiB, 16 %, 57
1, NVIDIA GeForce RTX 4090, 7583 MiB, 24564 MiB, 99 %, 72
0, NVIDIA GeForce RTX 3060, 1705 MiB, 12288 MiB, 11 %, 57
1, NVIDIA GeForce RTX 4090, 7583 MiB, 24564 MiB, 100 %, 84
0, NVIDIA GeForce RTX 3060, 1705 MiB, 12288 MiB, 14 %, 57
1, NVIDIA GeForce RTX 4090, 7583 MiB, 24564 MiB, 100 %, 85
0, NVIDIA GeForce RTX 3060, 1706 MiB, 12288 MiB, 11 %, 57
1, NVIDIA GeForce RTX 4090, 7583 MiB, 24564 MiB, 98 %, 74
0, NVIDIA GeForce RTX 3060, 1716 MiB, 12288 MiB, 16 %, 57
1, NVIDIA GeForce RTX 4090, 7583 MiB, 24564 MiB, 100 %, 84
0, NVIDIA GeForce RTX 3060, 1716 MiB, 12288 MiB, 17 %, 57
1, NVIDIA GeForce RTX 4090, 7583 MiB, 24564 MiB, 100 %, 77
0, NVIDIA GeForce RTX 3060, 1723 MiB, 12288 MiB, 19 %, 57
1, NVIDIA GeForce RTX 4090, 7583 MiB, 24564 MiB, 99 %, 81
0, NVIDIA GeForce RTX 3060, 1723 MiB, 12288 MiB, 17 %, 57
1, NVIDIA GeForce RTX 4090, 7583 MiB, 24564 MiB, 100 %, 84
0, NVIDIA GeForce RTX 3060, 1718 MiB, 12288 MiB, 12 %, 57
1, NVIDIA GeForce RTX 4090, 7583 MiB, 24564 MiB, 99 %, 76
0, NVIDIA GeForce RTX 3060, 1715 MiB, 12288 MiB, 13 %, 57
1, NVIDIA GeForce RTX 4090, 7583 MiB, 24564 MiB, 100 %, 83
0, NVIDIA GeForce RTX 3060, 1710 MiB, 12288 MiB, 23 %, 57
1, NVIDIA GeForce RTX 4090, 7583 MiB, 24564 MiB, 100 %, 84
0, NVIDIA GeForce RTX 3060, 1715 MiB, 12288 MiB, 14 %, 57
1, NVIDIA GeForce RTX 4090, 7583 MiB, 24564 MiB, 99 %, 76
0, NVIDIA GeForce RTX 3060, 1715 MiB, 12288 MiB, 23 %, 57
1, NVIDIA GeForce RTX 4090, 7583 MiB, 24564 MiB, 100 %, 84
0, NVIDIA GeForce RTX 3060, 1715 MiB, 12288 MiB, 11 %, 57
1, NVIDIA GeForce RTX 4090, 7583 MiB, 24564 MiB, 100 %, 84
0, NVIDIA GeForce RTX 3060, 1718 MiB, 12288 MiB, 13 %, 57
1, NVIDIA GeForce RTX 4090, 7583 MiB, 24564 MiB, 99 %, 76
0, NVIDIA GeForce RTX 3060, 1718 MiB, 12288 MiB, 19 %, 57
1, NVIDIA GeForce RTX 4090, 7583 MiB, 24564 MiB, 100 %, 84
0, NVIDIA GeForce RTX 3060, 1718 MiB, 12288 MiB, 12 %, 57
1, NVIDIA GeForce RTX 4090, 7583 MiB, 24564 MiB, 100 %, 76
0, NVIDIA GeForce RTX 3060, 1718 MiB, 12288 MiB, 18 %, 57
1, NVIDIA GeForce RTX 4090, 7583 MiB, 24564 MiB, 99 %, 82
0, NVIDIA GeForce RTX 3060, 1713 MiB, 12288 MiB, 11 %, 57
1, NVIDIA GeForce RTX 4090, 7583 MiB, 24564 MiB, 100 %, 84
0, NVIDIA GeForce RTX 3060, 1703 MiB, 12288 MiB, 11 %, 57
1, NVIDIA GeForce RTX 4090, 7583 MiB, 24564 MiB, 99 %, 78
0, NVIDIA GeForce RTX 3060, 1703 MiB, 12288 MiB, 15 %, 57
1, NVIDIA GeForce RTX 4090, 7583 MiB, 24564 MiB, 100 %, 83
0, NVIDIA GeForce RTX 3060, 1708 MiB, 12288 MiB, 13 %, 57
1, NVIDIA GeForce RTX 4090, 7583 MiB, 24564 MiB, 100 %, 84
0, NVIDIA GeForce RTX 3060, 1708 MiB, 12288 MiB, 15 %, 57
1, NVIDIA GeForce RTX 4090, 7583 MiB, 24564 MiB, 98 %, 72
0, NVIDIA GeForce RTX 3060, 1709 MiB, 12288 MiB, 11 %, 57
1, NVIDIA GeForce RTX 4090, 7583 MiB, 24564 MiB, 100 %, 84
0, NVIDIA GeForce RTX 3060, 1709 MiB, 12288 MiB, 15 %, 57
1, NVIDIA GeForce RTX 4090, 7583 MiB, 24564 MiB, 99 %, 84
0, NVIDIA GeForce RTX 3060, 1709 MiB, 12288 MiB, 20 %, 57
1, NVIDIA GeForce RTX 4090, 7583 MiB, 24564 MiB, 99 %, 80
0, NVIDIA GeForce RTX 3060, 1709 MiB, 12288 MiB, 6 %, 57
1, NVIDIA GeForce RTX 4090, 7583 MiB, 24564 MiB, 100 %, 84
0, NVIDIA GeForce RTX 3060, 1718 MiB, 12288 MiB, 18 %, 57
1, NVIDIA GeForce RTX 4090, 7583 MiB, 24564 MiB, 99 %, 72
0, NVIDIA GeForce RTX 3060, 1713 MiB, 12288 MiB, 10 %, 57
1, NVIDIA GeForce RTX 4090, 7583 MiB, 24564 MiB, 99 %, 76
0, NVIDIA GeForce RTX 3060, 1714 MiB, 12288 MiB, 14 %, 57
1, NVIDIA GeForce RTX 4090, 7583 MiB, 24564 MiB, 100 %, 82
0, NVIDIA GeForce RTX 3060, 1714 MiB, 12288 MiB, 16 %, 57
1, NVIDIA GeForce RTX 4090, 7583 MiB, 24564 MiB, 100 %, 84
0, NVIDIA GeForce RTX 3060, 1714 MiB, 12288 MiB, 26 %, 57
1, NVIDIA GeForce RTX 4090, 7583 MiB, 24564 MiB, 98 %, 77
0, NVIDIA GeForce RTX 3060, 1714 MiB, 12288 MiB, 16 %, 57
1, NVIDIA GeForce RTX 4090, 7583 MiB, 24564 MiB, 100 %, 83
0, NVIDIA GeForce RTX 3060, 1713 MiB, 12288 MiB, 28 %, 57
1, NVIDIA GeForce RTX 4090, 7583 MiB, 24564 MiB, 99 %, 84
0, NVIDIA GeForce RTX 3060, 1702 MiB, 12288 MiB, 16 %, 57
1, NVIDIA GeForce RTX 4090, 7583 MiB, 24564 MiB, 99 %, 76
0, NVIDIA GeForce RTX 3060, 1702 MiB, 12288 MiB, 16 %, 57
1, NVIDIA GeForce RTX 4090, 7583 MiB, 24564 MiB, 100 %, 84
0, NVIDIA GeForce RTX 3060, 1702 MiB, 12288 MiB, 19 %, 57
1, NVIDIA GeForce RTX 4090, 7583 MiB, 24564 MiB, 98 %, 76
0, NVIDIA GeForce RTX 3060, 1702 MiB, 12288 MiB, 12 %, 57
1, NVIDIA GeForce RTX 4090, 7583 MiB, 24564 MiB, 100 %, 82
0, NVIDIA GeForce RTX 3060, 1702 MiB, 12288 MiB, 27 %, 57
1, NVIDIA GeForce RTX 4090, 7583 MiB, 24564 MiB, 100 %, 84
0, NVIDIA GeForce RTX 3060, 1710 MiB, 12288 MiB, 12 %, 57
1, NVIDIA GeForce RTX 4090, 7583 MiB, 24564 MiB, 99 %, 70
0, NVIDIA GeForce RTX 3060, 1711 MiB, 12288 MiB, 12 %, 57
1, NVIDIA GeForce RTX 4090, 7583 MiB, 24564 MiB, 100 %, 83
0, NVIDIA GeForce RTX 3060, 1711 MiB, 12288 MiB, 15 %, 57
1, NVIDIA GeForce RTX 4090, 7583 MiB, 24564 MiB, 100 %, 84
0, NVIDIA GeForce RTX 3060, 1711 MiB, 12288 MiB, 12 %, 57
1, NVIDIA GeForce RTX 4090, 7583 MiB, 24564 MiB, 98 %, 75
0, NVIDIA GeForce RTX 3060, 1711 MiB, 12288 MiB, 14 %, 57
1, NVIDIA GeForce RTX 4090, 7583 MiB, 24564 MiB, 100 %, 83
0, NVIDIA GeForce RTX 3060, 1710 MiB, 12288 MiB, 13 %, 57
1, NVIDIA GeForce RTX 4090, 7583 MiB, 24564 MiB, 99 %, 84
0, NVIDIA GeForce RTX 3060, 1700 MiB, 12288 MiB, 13 %, 57
1, NVIDIA GeForce RTX 4090, 7583 MiB, 24564 MiB, 99 %, 75
0, NVIDIA GeForce RTX 3060, 1700 MiB, 12288 MiB, 20 %, 57
1, NVIDIA GeForce RTX 4090, 7583 MiB, 24564 MiB, 100 %, 84
0, NVIDIA GeForce RTX 3060, 1700 MiB, 12288 MiB, 13 %, 57
1, NVIDIA GeForce RTX 4090, 7583 MiB, 24564 MiB, 99 %, 78
0, NVIDIA GeForce RTX 3060, 1710 MiB, 12288 MiB, 18 %, 57
1, NVIDIA GeForce RTX 4090, 7583 MiB, 24564 MiB, 100 %, 81
0, NVIDIA GeForce RTX 3060, 1711 MiB, 12288 MiB, 13 %, 57
1, NVIDIA GeForce RTX 4090, 7583 MiB, 24564 MiB, 100 %, 84
0, NVIDIA GeForce RTX 3060, 1714 MiB, 12288 MiB, 14 %, 57
1, NVIDIA GeForce RTX 4090, 7583 MiB, 24564 MiB, 98 %, 81
0, NVIDIA GeForce RTX 3060, 1720 MiB, 12288 MiB, 35 %, 57
1, NVIDIA GeForce RTX 4090, 7583 MiB, 24564 MiB, 100 %, 83
0, NVIDIA GeForce RTX 3060, 1720 MiB, 12288 MiB, 13 %, 57
1, NVIDIA GeForce RTX 4090, 7583 MiB, 24564 MiB, 100 %, 84
0, NVIDIA GeForce RTX 3060, 1730 MiB, 12288 MiB, 22 %, 57
1, NVIDIA GeForce RTX 4090, 7583 MiB, 24564 MiB, 98 %, 74
0, NVIDIA GeForce RTX 3060, 1732 MiB, 12288 MiB, 12 %, 57
1, NVIDIA GeForce RTX 4090, 7583 MiB, 24564 MiB, 100 %, 84
0, NVIDIA GeForce RTX 3060, 1732 MiB, 12288 MiB, 13 %, 57
1, NVIDIA GeForce RTX 4090, 7583 MiB, 24564 MiB, 99 %, 71
0, NVIDIA GeForce RTX 3060, 1732 MiB, 12288 MiB, 22 %, 57
1, NVIDIA GeForce RTX 4090, 7583 MiB, 24564 MiB, 99 %, 83
0, NVIDIA GeForce RTX 3060, 1726 MiB, 12288 MiB, 12 %, 57
1, NVIDIA GeForce RTX 4090, 7583 MiB, 24564 MiB, 100 %, 84
0, NVIDIA GeForce RTX 3060, 1726 MiB, 12288 MiB, 11 %, 57
1, NVIDIA GeForce RTX 4090, 7583 MiB, 24564 MiB, 98 %, 72
0, NVIDIA GeForce RTX 3060, 1711 MiB, 12288 MiB, 13 %, 57
1, NVIDIA GeForce RTX 4090, 7583 MiB, 24564 MiB, 100 %, 82
0, NVIDIA GeForce RTX 3060, 1706 MiB, 12288 MiB, 17 %, 57
1, NVIDIA GeForce RTX 4090, 7583 MiB, 24564 MiB, 100 %, 84
0, NVIDIA GeForce RTX 3060, 1706 MiB, 12288 MiB, 14 %, 57
1, NVIDIA GeForce RTX 4090, 7583 MiB, 24564 MiB, 97 %, 75
0, NVIDIA GeForce RTX 3060, 1710 MiB, 12288 MiB, 16 %, 57
1, NVIDIA GeForce RTX 4090, 7583 MiB, 24564 MiB, 100 %, 83
0, NVIDIA GeForce RTX 3060, 1711 MiB, 12288 MiB, 12 %, 57
1, NVIDIA GeForce RTX 4090, 7583 MiB, 24564 MiB, 100 %, 84
0, NVIDIA GeForce RTX 3060, 1711 MiB, 12288 MiB, 15 %, 57
1, NVIDIA GeForce RTX 4090, 7583 MiB, 24564 MiB, 97 %, 81
0, NVIDIA GeForce RTX 3060, 1711 MiB, 12288 MiB, 19 %, 57
1, NVIDIA GeForce RTX 4090, 7583 MiB, 24564 MiB, 100 %, 84
0, NVIDIA GeForce RTX 3060, 1711 MiB, 12288 MiB, 15 %, 57
1, NVIDIA GeForce RTX 4090, 7583 MiB, 24564 MiB, 99 %, 70
0, NVIDIA GeForce RTX 3060, 1710 MiB, 12288 MiB, 13 %, 57
1, NVIDIA GeForce RTX 4090, 7583 MiB, 24564 MiB, 99 %, 83
0, NVIDIA GeForce RTX 3060, 1719 MiB, 12288 MiB, 31 %, 57
1, NVIDIA GeForce RTX 4090, 7583 MiB, 24564 MiB, 100 %, 84
0, NVIDIA GeForce RTX 3060, 1709 MiB, 12288 MiB, 14 %, 57
1, NVIDIA GeForce RTX 4090, 7583 MiB, 24564 MiB, 99 %, 77
0, NVIDIA GeForce RTX 3060, 1709 MiB, 12288 MiB, 19 %, 57
1, NVIDIA GeForce RTX 4090, 7583 MiB, 24564 MiB, 100 %, 84
0, NVIDIA GeForce RTX 3060, 1703 MiB, 12288 MiB, 21 %, 57
1, NVIDIA GeForce RTX 4090, 7583 MiB, 24564 MiB, 100 %, 84
0, NVIDIA GeForce RTX 3060, 1703 MiB, 12288 MiB, 13 %, 57
1, NVIDIA GeForce RTX 4090, 7583 MiB, 24564 MiB, 99 %, 75
0, NVIDIA GeForce RTX 3060, 1703 MiB, 12288 MiB, 30 %, 57
1, NVIDIA GeForce RTX 4090, 7583 MiB, 24564 MiB, 100 %, 84
0, NVIDIA GeForce RTX 3060, 1713 MiB, 12288 MiB, 12 %, 57
1, NVIDIA GeForce RTX 4090, 7583 MiB, 24564 MiB, 100 %, 76
0, NVIDIA GeForce RTX 3060, 1713 MiB, 12288 MiB, 14 %, 57
1, NVIDIA GeForce RTX 4090, 7583 MiB, 24564 MiB, 98 %, 82
0, NVIDIA GeForce RTX 3060, 1713 MiB, 12288 MiB, 30 %, 57
1, NVIDIA GeForce RTX 4090, 7583 MiB, 24564 MiB, 100 %, 84
0, NVIDIA GeForce RTX 3060, 1713 MiB, 12288 MiB, 12 %, 57
1, NVIDIA GeForce RTX 4090, 7583 MiB, 24564 MiB, 99 %, 78
0, NVIDIA GeForce RTX 3060, 1713 MiB, 12288 MiB, 17 %, 57
1, NVIDIA GeForce RTX 4090, 7583 MiB, 24564 MiB, 99 %, 83
0, NVIDIA GeForce RTX 3060, 1713 MiB, 12288 MiB, 12 %, 57
1, NVIDIA GeForce RTX 4090, 7583 MiB, 24564 MiB, 100 %, 85
0, NVIDIA GeForce RTX 3060, 1703 MiB, 12288 MiB, 13 %, 57
1, NVIDIA GeForce RTX 4090, 7583 MiB, 24564 MiB, 100 %, 73
0, NVIDIA GeForce RTX 3060, 1703 MiB, 12288 MiB, 14 %, 57
1, NVIDIA GeForce RTX 4090, 7583 MiB, 24564 MiB, 100 %, 84
0, NVIDIA GeForce RTX 3060, 1703 MiB, 12288 MiB, 12 %, 57
1, NVIDIA GeForce RTX 4090, 7583 MiB, 24564 MiB, 100 %, 84
0, NVIDIA GeForce RTX 3060, 1703 MiB, 12288 MiB, 13 %, 57
1, NVIDIA GeForce RTX 4090, 7583 MiB, 24564 MiB, 99 %, 79
0, NVIDIA GeForce RTX 3060, 1703 MiB, 12288 MiB, 13 %, 57
1, NVIDIA GeForce RTX 4090, 7583 MiB, 24564 MiB, 100 %, 84
0, NVIDIA GeForce RTX 3060, 1713 MiB, 12288 MiB, 15 %, 57
1, NVIDIA GeForce RTX 4090, 7583 MiB, 24564 MiB, 99 %, 72
0, NVIDIA GeForce RTX 3060, 1713 MiB, 12288 MiB, 33 %, 57
1, NVIDIA GeForce RTX 4090, 7583 MiB, 24564 MiB, 99 %, 83
0, NVIDIA GeForce RTX 3060, 1714 MiB, 12288 MiB, 16 %, 57
1, NVIDIA GeForce RTX 4090, 7583 MiB, 24564 MiB, 100 %, 84
0, NVIDIA GeForce RTX 3060, 1714 MiB, 12288 MiB, 19 %, 57
1, NVIDIA GeForce RTX 4090, 7583 MiB, 24564 MiB, 99 %, 72
0, NVIDIA GeForce RTX 3060, 1714 MiB, 12288 MiB, 14 %, 57
1, NVIDIA GeForce RTX 4090, 7583 MiB, 24564 MiB, 100 %, 84
0, NVIDIA GeForce RTX 3060, 1714 MiB, 12288 MiB, 13 %, 57
1, NVIDIA GeForce RTX 4090, 7583 MiB, 24564 MiB, 100 %, 84
0, NVIDIA GeForce RTX 3060, 1718 MiB, 12288 MiB, 21 %, 57
1, NVIDIA GeForce RTX 4090, 7583 MiB, 24564 MiB, 99 %, 73
0, NVIDIA GeForce RTX 3060, 1709 MiB, 12288 MiB, 14 %, 57
1, NVIDIA GeForce RTX 4090, 7583 MiB, 24564 MiB, 100 %, 84
0, NVIDIA GeForce RTX 3060, 1709 MiB, 12288 MiB, 16 %, 57
1, NVIDIA GeForce RTX 4090, 7583 MiB, 24564 MiB, 100 %, 83
0, NVIDIA GeForce RTX 3060, 1709 MiB, 12288 MiB, 12 %, 57
1, NVIDIA GeForce RTX 4090, 7583 MiB, 24564 MiB, 99 %, 73
0, NVIDIA GeForce RTX 3060, 1709 MiB, 12288 MiB, 13 %, 57
1, NVIDIA GeForce RTX 4090, 7583 MiB, 24564 MiB, 99 %, 82
0, NVIDIA GeForce RTX 3060, 1709 MiB, 12288 MiB, 26 %, 57
1, NVIDIA GeForce RTX 4090, 7583 MiB, 24564 MiB, 100 %, 84
0, NVIDIA GeForce RTX 3060, 1718 MiB, 12288 MiB, 19 %, 57
1, NVIDIA GeForce RTX 4090, 7583 MiB, 24564 MiB, 98 %, 74
0, NVIDIA GeForce RTX 3060, 1714 MiB, 12288 MiB, 17 %, 57
1, NVIDIA GeForce RTX 4090, 7583 MiB, 24564 MiB, 100 %, 83
0, NVIDIA GeForce RTX 3060, 1714 MiB, 12288 MiB, 16 %, 57
1, NVIDIA GeForce RTX 4090, 7583 MiB, 24564 MiB, 100 %, 83
0, NVIDIA GeForce RTX 3060, 1714 MiB, 12288 MiB, 20 %, 57
1, NVIDIA GeForce RTX 4090, 7583 MiB, 24564 MiB, 98 %, 70
0, NVIDIA GeForce RTX 3060, 1719 MiB, 12288 MiB, 21 %, 57
1, NVIDIA GeForce RTX 4090, 7583 MiB, 24564 MiB, 100 %, 83
0, NVIDIA GeForce RTX 3060, 1718 MiB, 12288 MiB, 17 %, 57
1, NVIDIA GeForce RTX 4090, 1963 MiB, 24564 MiB, 61 %, 67
0, NVIDIA GeForce RTX 3060, 1719 MiB, 12288 MiB, 17 %, 57
1, NVIDIA GeForce RTX 4090, 4523 MiB, 24564 MiB, 83 %, 62
0, NVIDIA GeForce RTX 3060, 1709 MiB, 12288 MiB, 18 %, 57
1, NVIDIA GeForce RTX 4090, 6853 MiB, 24564 MiB, 65 %, 71
0, NVIDIA GeForce RTX 3060, 1709 MiB, 12288 MiB, 23 %, 57
1, NVIDIA GeForce RTX 4090, 6893 MiB, 24564 MiB, 100 %, 80
0, NVIDIA GeForce RTX 3060, 1708 MiB, 12288 MiB, 25 %, 57
1, NVIDIA GeForce RTX 4090, 7733 MiB, 24564 MiB, 100 %, 81
0, NVIDIA GeForce RTX 3060, 1708 MiB, 12288 MiB, 21 %, 57
1, NVIDIA GeForce RTX 4090, 7973 MiB, 24564 MiB, 100 %, 82
0, NVIDIA GeForce RTX 3060, 1703 MiB, 12288 MiB, 13 %, 57
1, NVIDIA GeForce RTX 4090, 7973 MiB, 24564 MiB, 100 %, 83
0, NVIDIA GeForce RTX 3060, 1703 MiB, 12288 MiB, 31 %, 57
1, NVIDIA GeForce RTX 4090, 7973 MiB, 24564 MiB, 100 %, 83
0, NVIDIA GeForce RTX 3060, 1713 MiB, 12288 MiB, 13 %, 57
1, NVIDIA GeForce RTX 4090, 7973 MiB, 24564 MiB, 100 %, 83
0, NVIDIA GeForce RTX 3060, 1718 MiB, 12288 MiB, 16 %, 57
1, NVIDIA GeForce RTX 4090, 7973 MiB, 24564 MiB, 100 %, 84
0, NVIDIA GeForce RTX 3060, 1725 MiB, 12288 MiB, 21 %, 57
1, NVIDIA GeForce RTX 4090, 7973 MiB, 24564 MiB, 100 %, 84
0, NVIDIA GeForce RTX 3060, 1729 MiB, 12288 MiB, 12 %, 57
1, NVIDIA GeForce RTX 4090, 7973 MiB, 24564 MiB, 100 %, 84
0, NVIDIA GeForce RTX 3060, 1722 MiB, 12288 MiB, 21 %, 57
1, NVIDIA GeForce RTX 4090, 7973 MiB, 24564 MiB, 100 %, 84
0, NVIDIA GeForce RTX 3060, 1718 MiB, 12288 MiB, 12 %, 57
1, NVIDIA GeForce RTX 4090, 7973 MiB, 24564 MiB, 100 %, 84
0, NVIDIA GeForce RTX 3060, 1718 MiB, 12288 MiB, 12 %, 57
1, NVIDIA GeForce RTX 4090, 7973 MiB, 24564 MiB, 100 %, 84
0, NVIDIA GeForce RTX 3060, 1710 MiB, 12288 MiB, 24 %, 57
1, NVIDIA GeForce RTX 4090, 7973 MiB, 24564 MiB, 100 %, 85
0, NVIDIA GeForce RTX 3060, 1702 MiB, 12288 MiB, 13 %, 57
1, NVIDIA GeForce RTX 4090, 7973 MiB, 24564 MiB, 100 %, 85
0, NVIDIA GeForce RTX 3060, 1702 MiB, 12288 MiB, 16 %, 57
1, NVIDIA GeForce RTX 4090, 7973 MiB, 24564 MiB, 100 %, 85
0, NVIDIA GeForce RTX 3060, 1713 MiB, 12288 MiB, 11 %, 57
1, NVIDIA GeForce RTX 4090, 7973 MiB, 24564 MiB, 100 %, 85
0, NVIDIA GeForce RTX 3060, 1718 MiB, 12288 MiB, 12 %, 57
1, NVIDIA GeForce RTX 4090, 7973 MiB, 24564 MiB, 100 %, 85
0, NVIDIA GeForce RTX 3060, 1720 MiB, 12288 MiB, 30 %, 57
1, NVIDIA GeForce RTX 4090, 7973 MiB, 24564 MiB, 100 %, 85
0, NVIDIA GeForce RTX 3060, 1718 MiB, 12288 MiB, 12 %, 57
1, NVIDIA GeForce RTX 4090, 7973 MiB, 24564 MiB, 100 %, 85
0, NVIDIA GeForce RTX 3060, 1718 MiB, 12288 MiB, 16 %, 57
1, NVIDIA GeForce RTX 4090, 7973 MiB, 24564 MiB, 100 %, 85
0, NVIDIA GeForce RTX 3060, 1718 MiB, 12288 MiB, 13 %, 57
1, NVIDIA GeForce RTX 4090, 7973 MiB, 24564 MiB, 100 %, 85
0, NVIDIA GeForce RTX 3060, 1708 MiB, 12288 MiB, 11 %, 57
1, NVIDIA GeForce RTX 4090, 7973 MiB, 24564 MiB, 100 %, 85
0, NVIDIA GeForce RTX 3060, 1708 MiB, 12288 MiB, 21 %, 57
1, NVIDIA GeForce RTX 4090, 11713 MiB, 24564 MiB, 84 %, 68
0, NVIDIA GeForce RTX 3060, 1703 MiB, 12288 MiB, 14 %, 57
1, NVIDIA GeForce RTX 4090, 11713 MiB, 24564 MiB, 1 %, 64
0, NVIDIA GeForce RTX 3060, 1708 MiB, 12288 MiB, 30 %, 57
1, NVIDIA GeForce RTX 4090, 11713 MiB, 24564 MiB, 2 %, 62
0, NVIDIA GeForce RTX 3060, 1703 MiB, 12288 MiB, 12 %, 57
1, NVIDIA GeForce RTX 4090, 11713 MiB, 24564 MiB, 0 %, 59
0, NVIDIA GeForce RTX 3060, 1703 MiB, 12288 MiB, 13 %, 57
1, NVIDIA GeForce RTX 4090, 6551 MiB, 24564 MiB, 2 %, 59
0, NVIDIA GeForce RTX 3060, 1703 MiB, 12288 MiB, 21 %, 57
1, NVIDIA GeForce RTX 4090, 6551 MiB, 24564 MiB, 0 %, 58
0, NVIDIA GeForce RTX 3060, 1703 MiB, 12288 MiB, 12 %, 57
1, NVIDIA GeForce RTX 4090, 6551 MiB, 24564 MiB, 3 %, 57
0, NVIDIA GeForce RTX 3060, 1719 MiB, 12288 MiB, 52 %, 57
1, NVIDIA GeForce RTX 4090, 6551 MiB, 24564 MiB, 6 %, 56
0, NVIDIA GeForce RTX 3060, 1719 MiB, 12288 MiB, 12 %, 57
1, NVIDIA GeForce RTX 4090, 6551 MiB, 24564 MiB, 0 %, 56
0, NVIDIA GeForce RTX 3060, 1713 MiB, 12288 MiB, 12 %, 57
1, NVIDIA GeForce RTX 4090, 6551 MiB, 24564 MiB, 3 %, 55
0, NVIDIA GeForce RTX 3060, 1717 MiB, 12288 MiB, 21 %, 57
1, NVIDIA GeForce RTX 4090, 6551 MiB, 24564 MiB, 93 %, 57
0, NVIDIA GeForce RTX 3060, 1719 MiB, 12288 MiB, 12 %, 57
1, NVIDIA GeForce RTX 4090, 2055 MiB, 24564 MiB, 95 %, 57
0, NVIDIA GeForce RTX 3060, 1715 MiB, 12288 MiB, 18 %, 57
1, NVIDIA GeForce RTX 4090, 6895 MiB, 24564 MiB, 97 %, 57
0, NVIDIA GeForce RTX 3060, 1720 MiB, 12288 MiB, 12 %, 57
1, NVIDIA GeForce RTX 4090, 7037 MiB, 24564 MiB, 100 %, 73
0, NVIDIA GeForce RTX 3060, 1720 MiB, 12288 MiB, 12 %, 57
1, NVIDIA GeForce RTX 4090, 7037 MiB, 24564 MiB, 100 %, 73
0, NVIDIA GeForce RTX 3060, 1718 MiB, 12288 MiB, 15 %, 57
1, NVIDIA GeForce RTX 4090, 7037 MiB, 24564 MiB, 100 %, 73
0, NVIDIA GeForce RTX 3060, 1713 MiB, 12288 MiB, 12 %, 57
1, NVIDIA GeForce RTX 4090, 7037 MiB, 24564 MiB, 100 %, 74
0, NVIDIA GeForce RTX 3060, 1718 MiB, 12288 MiB, 15 %, 57
1, NVIDIA GeForce RTX 4090, 7037 MiB, 24564 MiB, 100 %, 74
0, NVIDIA GeForce RTX 3060, 1708 MiB, 12288 MiB, 16 %, 57
1, NVIDIA GeForce RTX 4090, 7037 MiB, 24564 MiB, 100 %, 75
0, NVIDIA GeForce RTX 3060, 1708 MiB, 12288 MiB, 12 %, 57
1, NVIDIA GeForce RTX 4090, 7037 MiB, 24564 MiB, 100 %, 77
0, NVIDIA GeForce RTX 3060, 1708 MiB, 12288 MiB, 19 %, 57
1, NVIDIA GeForce RTX 4090, 7037 MiB, 24564 MiB, 100 %, 76
0, NVIDIA GeForce RTX 3060, 1709 MiB, 12288 MiB, 13 %, 57
1, NVIDIA GeForce RTX 4090, 7037 MiB, 24564 MiB, 100 %, 75
0, NVIDIA GeForce RTX 3060, 1704 MiB, 12288 MiB, 24 %, 57
1, NVIDIA GeForce RTX 4090, 7037 MiB, 24564 MiB, 100 %, 78
0, NVIDIA GeForce RTX 3060, 1709 MiB, 12288 MiB, 13 %, 57
1, NVIDIA GeForce RTX 4090, 7037 MiB, 24564 MiB, 100 %, 76
0, NVIDIA GeForce RTX 3060, 1709 MiB, 12288 MiB, 12 %, 57
1, NVIDIA GeForce RTX 4090, 7037 MiB, 24564 MiB, 100 %, 76
0, NVIDIA GeForce RTX 3060, 1713 MiB, 12288 MiB, 35 %, 57
1, NVIDIA GeForce RTX 4090, 7037 MiB, 24564 MiB, 100 %, 78
0, NVIDIA GeForce RTX 3060, 1713 MiB, 12288 MiB, 12 %, 57
1, NVIDIA GeForce RTX 4090, 7037 MiB, 24564 MiB, 100 %, 79
0, NVIDIA GeForce RTX 3060, 1713 MiB, 12288 MiB, 21 %, 57
1, NVIDIA GeForce RTX 4090, 7037 MiB, 24564 MiB, 100 %, 78
0, NVIDIA GeForce RTX 3060, 1708 MiB, 12288 MiB, 12 %, 57
1, NVIDIA GeForce RTX 4090, 7037 MiB, 24564 MiB, 100 %, 77
0, NVIDIA GeForce RTX 3060, 1708 MiB, 12288 MiB, 12 %, 57
1, NVIDIA GeForce RTX 4090, 7037 MiB, 24564 MiB, 100 %, 79
0, NVIDIA GeForce RTX 3060, 1709 MiB, 12288 MiB, 12 %, 57
1, NVIDIA GeForce RTX 4090, 7037 MiB, 24564 MiB, 100 %, 79
0, NVIDIA GeForce RTX 3060, 1709 MiB, 12288 MiB, 12 %, 57
1, NVIDIA GeForce RTX 4090, 7037 MiB, 24564 MiB, 100 %, 79
0, NVIDIA GeForce RTX 3060, 1709 MiB, 12288 MiB, 15 %, 57
1, NVIDIA GeForce RTX 4090, 7037 MiB, 24564 MiB, 100 %, 78
0, NVIDIA GeForce RTX 3060, 1718 MiB, 12288 MiB, 18 %, 57
1, NVIDIA GeForce RTX 4090, 7037 MiB, 24564 MiB, 100 %, 79
0, NVIDIA GeForce RTX 3060, 1718 MiB, 12288 MiB, 12 %, 57
1, NVIDIA GeForce RTX 4090, 7037 MiB, 24564 MiB, 100 %, 80
0, NVIDIA GeForce RTX 3060, 1723 MiB, 12288 MiB, 12 %, 57
1, NVIDIA GeForce RTX 4090, 7037 MiB, 24564 MiB, 100 %, 79
0, NVIDIA GeForce RTX 3060, 1723 MiB, 12288 MiB, 12 %, 57
1, NVIDIA GeForce RTX 4090, 7037 MiB, 24564 MiB, 100 %, 79
0, NVIDIA GeForce RTX 3060, 1718 MiB, 12288 MiB, 16 %, 57
1, NVIDIA GeForce RTX 4090, 7037 MiB, 24564 MiB, 100 %, 81
0, NVIDIA GeForce RTX 3060, 1708 MiB, 12288 MiB, 23 %, 57
1, NVIDIA GeForce RTX 4090, 7037 MiB, 24564 MiB, 100 %, 80
0, NVIDIA GeForce RTX 3060, 1708 MiB, 12288 MiB, 13 %, 57
1, NVIDIA GeForce RTX 4090, 7037 MiB, 24564 MiB, 100 %, 79
0, NVIDIA GeForce RTX 3060, 1709 MiB, 12288 MiB, 13 %, 57
1, NVIDIA GeForce RTX 4090, 7037 MiB, 24564 MiB, 100 %, 78
0, NVIDIA GeForce RTX 3060, 1709 MiB, 12288 MiB, 12 %, 57
1, NVIDIA GeForce RTX 4090, 7037 MiB, 24564 MiB, 100 %, 78
0, NVIDIA GeForce RTX 3060, 1709 MiB, 12288 MiB, 21 %, 57
1, NVIDIA GeForce RTX 4090, 7037 MiB, 24564 MiB, 100 %, 81
0, NVIDIA GeForce RTX 3060, 1709 MiB, 12288 MiB, 20 %, 57
1, NVIDIA GeForce RTX 4090, 7037 MiB, 24564 MiB, 100 %, 80
0, NVIDIA GeForce RTX 3060, 1709 MiB, 12288 MiB, 13 %, 57
1, NVIDIA GeForce RTX 4090, 7037 MiB, 24564 MiB, 100 %, 79
0, NVIDIA GeForce RTX 3060, 1703 MiB, 12288 MiB, 15 %, 57
1, NVIDIA GeForce RTX 4090, 7037 MiB, 24564 MiB, 100 %, 81
0, NVIDIA GeForce RTX 3060, 1703 MiB, 12288 MiB, 15 %, 57
1, NVIDIA GeForce RTX 4090, 7037 MiB, 24564 MiB, 0 %, 67
0, NVIDIA GeForce RTX 3060, 1703 MiB, 12288 MiB, 21 %, 57
1, NVIDIA GeForce RTX 4090, 1199 MiB, 24564 MiB, 33 %, 63
0, NVIDIA GeForce RTX 3060, 1708 MiB, 12288 MiB, 15 %, 57
1, NVIDIA GeForce RTX 4090, 1399 MiB, 24564 MiB, 8 %, 62
0, NVIDIA GeForce RTX 3060, 1708 MiB, 12288 MiB, 13 %, 57
1, NVIDIA GeForce RTX 4090, 1539 MiB, 24564 MiB, 7 %, 60
0, NVIDIA GeForce RTX 3060, 1710 MiB, 12288 MiB, 13 %, 57
1, NVIDIA GeForce RTX 4090, 1679 MiB, 24564 MiB, 6 %, 59
0, NVIDIA GeForce RTX 3060, 1717 MiB, 12288 MiB, 16 %, 57
1, NVIDIA GeForce RTX 4090, 1881 MiB, 24564 MiB, 8 %, 58
0, NVIDIA GeForce RTX 3060, 1727 MiB, 12288 MiB, 15 %, 57
1, NVIDIA GeForce RTX 4090, 2081 MiB, 24564 MiB, 8 %, 58
0, NVIDIA GeForce RTX 3060, 1725 MiB, 12288 MiB, 23 %, 57
1, NVIDIA GeForce RTX 4090, 2281 MiB, 24564 MiB, 16 %, 57
0, NVIDIA GeForce RTX 3060, 1720 MiB, 12288 MiB, 12 %, 57
1, NVIDIA GeForce RTX 4090, 2461 MiB, 24564 MiB, 20 %, 57
0, NVIDIA GeForce RTX 3060, 1716 MiB, 12288 MiB, 15 %, 57
1, NVIDIA GeForce RTX 4090, 2641 MiB, 24564 MiB, 35 %, 56
0, NVIDIA GeForce RTX 3060, 1716 MiB, 12288 MiB, 12 %, 57
1, NVIDIA GeForce RTX 4090, 2781 MiB, 24564 MiB, 19 %, 56
0, NVIDIA GeForce RTX 3060, 1715 MiB, 12288 MiB, 16 %, 57
1, NVIDIA GeForce RTX 4090, 2941 MiB, 24564 MiB, 18 %, 56
0, NVIDIA GeForce RTX 3060, 1715 MiB, 12288 MiB, 20 %, 57
1, NVIDIA GeForce RTX 4090, 3143 MiB, 24564 MiB, 34 %, 55
0, NVIDIA GeForce RTX 3060, 1713 MiB, 12288 MiB, 12 %, 57
1, NVIDIA GeForce RTX 4090, 3263 MiB, 24564 MiB, 20 %, 55
0, NVIDIA GeForce RTX 3060, 1708 MiB, 12288 MiB, 14 %, 57
1, NVIDIA GeForce RTX 4090, 3403 MiB, 24564 MiB, 19 %, 55
0, NVIDIA GeForce RTX 3060, 1713 MiB, 12288 MiB, 12 %, 57
1, NVIDIA GeForce RTX 4090, 3623 MiB, 24564 MiB, 28 %, 54
0, NVIDIA GeForce RTX 3060, 1713 MiB, 12288 MiB, 20 %, 57
1, NVIDIA GeForce RTX 4090, 3823 MiB, 24564 MiB, 26 %, 54
0, NVIDIA GeForce RTX 3060, 1713 MiB, 12288 MiB, 21 %, 57
1, NVIDIA GeForce RTX 4090, 3943 MiB, 24564 MiB, 19 %, 54
0, NVIDIA GeForce RTX 3060, 1721 MiB, 12288 MiB, 12 %, 57
1, NVIDIA GeForce RTX 4090, 4143 MiB, 24564 MiB, 27 %, 54
0, NVIDIA GeForce RTX 3060, 1721 MiB, 12288 MiB, 14 %, 57
1, NVIDIA GeForce RTX 4090, 4307 MiB, 24564 MiB, 28 %, 54
0, NVIDIA GeForce RTX 3060, 1713 MiB, 12288 MiB, 13 %, 57
1, NVIDIA GeForce RTX 4090, 12051 MiB, 24564 MiB, 100 %, 54
0, NVIDIA GeForce RTX 3060, 1713 MiB, 12288 MiB, 19 %, 57
1, NVIDIA GeForce RTX 4090, 12051 MiB, 24564 MiB, 98 %, 68
0, NVIDIA GeForce RTX 3060, 1714 MiB, 12288 MiB, 17 %, 57
1, NVIDIA GeForce RTX 4090, 12051 MiB, 24564 MiB, 98 %, 71
0, NVIDIA GeForce RTX 3060, 1714 MiB, 12288 MiB, 13 %, 57
1, NVIDIA GeForce RTX 4090, 12051 MiB, 24564 MiB, 97 %, 68
0, NVIDIA GeForce RTX 3060, 1718 MiB, 12288 MiB, 12 %, 57
1, NVIDIA GeForce RTX 4090, 12051 MiB, 24564 MiB, 98 %, 70
0, NVIDIA GeForce RTX 3060, 1719 MiB, 12288 MiB, 12 %, 57
1, NVIDIA GeForce RTX 4090, 12051 MiB, 24564 MiB, 97 %, 70
0, NVIDIA GeForce RTX 3060, 1720 MiB, 12288 MiB, 29 %, 57
1, NVIDIA GeForce RTX 4090, 12051 MiB, 24564 MiB, 97 %, 69
0, NVIDIA GeForce RTX 3060, 1710 MiB, 12288 MiB, 14 %, 57
1, NVIDIA GeForce RTX 4090, 12051 MiB, 24564 MiB, 98 %, 72
0, NVIDIA GeForce RTX 3060, 1717 MiB, 12288 MiB, 11 %, 57
1, NVIDIA GeForce RTX 4090, 12051 MiB, 24564 MiB, 99 %, 73
0, NVIDIA GeForce RTX 3060, 1729 MiB, 12288 MiB, 19 %, 57
1, NVIDIA GeForce RTX 4090, 12051 MiB, 24564 MiB, 79 %, 60
0, NVIDIA GeForce RTX 3060, 1721 MiB, 12288 MiB, 12 %, 57
1, NVIDIA GeForce RTX 4090, 7295 MiB, 24564 MiB, 78 %, 65
0, NVIDIA GeForce RTX 3060, 1721 MiB, 12288 MiB, 15 %, 57
1, NVIDIA GeForce RTX 4090, 8155 MiB, 24564 MiB, 100 %, 75
0, NVIDIA GeForce RTX 3060, 1721 MiB, 12288 MiB, 21 %, 57
1, NVIDIA GeForce RTX 4090, 10455 MiB, 24564 MiB, 100 %, 74
0, NVIDIA GeForce RTX 3060, 1721 MiB, 12288 MiB, 13 %, 57
1, NVIDIA GeForce RTX 4090, 10455 MiB, 24564 MiB, 100 %, 78
0, NVIDIA GeForce RTX 3060, 1723 MiB, 12288 MiB, 14 %, 57
1, NVIDIA GeForce RTX 4090, 10455 MiB, 24564 MiB, 100 %, 76
0, NVIDIA GeForce RTX 3060, 1717 MiB, 12288 MiB, 12 %, 57
1, NVIDIA GeForce RTX 4090, 10455 MiB, 24564 MiB, 100 %, 76
0, NVIDIA GeForce RTX 3060, 1716 MiB, 12288 MiB, 14 %, 57
1, NVIDIA GeForce RTX 4090, 10455 MiB, 24564 MiB, 100 %, 79
0, NVIDIA GeForce RTX 3060, 1714 MiB, 12288 MiB, 14 %, 56
1, NVIDIA GeForce RTX 4090, 10455 MiB, 24564 MiB, 100 %, 77
0, NVIDIA GeForce RTX 3060, 1714 MiB, 12288 MiB, 21 %, 57
1, NVIDIA GeForce RTX 4090, 10455 MiB, 24564 MiB, 100 %, 77
0, NVIDIA GeForce RTX 3060, 1709 MiB, 12288 MiB, 14 %, 57
1, NVIDIA GeForce RTX 4090, 10455 MiB, 24564 MiB, 100 %, 80
0, NVIDIA GeForce RTX 3060, 1709 MiB, 12288 MiB, 21 %, 57
1, NVIDIA GeForce RTX 4090, 10455 MiB, 24564 MiB, 100 %, 78
0, NVIDIA GeForce RTX 3060, 1709 MiB, 12288 MiB, 12 %, 56
1, NVIDIA GeForce RTX 4090, 10455 MiB, 24564 MiB, 100 %, 79
0, NVIDIA GeForce RTX 3060, 1714 MiB, 12288 MiB, 13 %, 57
1, NVIDIA GeForce RTX 4090, 10455 MiB, 24564 MiB, 100 %, 78
0, NVIDIA GeForce RTX 3060, 1714 MiB, 12288 MiB, 17 %, 57
1, NVIDIA GeForce RTX 4090, 10455 MiB, 24564 MiB, 100 %, 79
0, NVIDIA GeForce RTX 3060, 1714 MiB, 12288 MiB, 14 %, 56
1, NVIDIA GeForce RTX 4090, 10455 MiB, 24564 MiB, 100 %, 80
0, NVIDIA GeForce RTX 3060, 1714 MiB, 12288 MiB, 14 %, 57
1, NVIDIA GeForce RTX 4090, 10455 MiB, 24564 MiB, 100 %, 79
0, NVIDIA GeForce RTX 3060, 1714 MiB, 12288 MiB, 12 %, 57
1, NVIDIA GeForce RTX 4090, 10455 MiB, 24564 MiB, 100 %, 81
0, NVIDIA GeForce RTX 3060, 1714 MiB, 12288 MiB, 12 %, 56
1, NVIDIA GeForce RTX 4090, 10455 MiB, 24564 MiB, 100 %, 78
0, NVIDIA GeForce RTX 3060, 1714 MiB, 12288 MiB, 16 %, 57
1, NVIDIA GeForce RTX 4090, 10455 MiB, 24564 MiB, 100 %, 82
0, NVIDIA GeForce RTX 3060, 1709 MiB, 12288 MiB, 12 %, 57
1, NVIDIA GeForce RTX 4090, 10455 MiB, 24564 MiB, 100 %, 78
0, NVIDIA GeForce RTX 3060, 1709 MiB, 12288 MiB, 14 %, 56
1, NVIDIA GeForce RTX 4090, 10455 MiB, 24564 MiB, 100 %, 79
0, NVIDIA GeForce RTX 3060, 1709 MiB, 12288 MiB, 13 %, 57
1, NVIDIA GeForce RTX 4090, 10455 MiB, 24564 MiB, 100 %, 80
0, NVIDIA GeForce RTX 3060, 1709 MiB, 12288 MiB, 13 %, 57
1, NVIDIA GeForce RTX 4090, 10455 MiB, 24564 MiB, 100 %, 79
0, NVIDIA GeForce RTX 3060, 1709 MiB, 12288 MiB, 20 %, 57
1, NVIDIA GeForce RTX 4090, 10455 MiB, 24564 MiB, 100 %, 83
0, NVIDIA GeForce RTX 3060, 1709 MiB, 12288 MiB, 14 %, 56
1, NVIDIA GeForce RTX 4090, 10455 MiB, 24564 MiB, 100 %, 81
0, NVIDIA GeForce RTX 3060, 1715 MiB, 12288 MiB, 24 %, 57
1, NVIDIA GeForce RTX 4090, 10455 MiB, 24564 MiB, 100 %, 79
0, NVIDIA GeForce RTX 3060, 1715 MiB, 12288 MiB, 12 %, 57
1, NVIDIA GeForce RTX 4090, 10455 MiB, 24564 MiB, 100 %, 78
0, NVIDIA GeForce RTX 3060, 1715 MiB, 12288 MiB, 14 %, 57
1, NVIDIA GeForce RTX 4090, 10455 MiB, 24564 MiB, 100 %, 81
0, NVIDIA GeForce RTX 3060, 1720 MiB, 12288 MiB, 20 %, 57
1, NVIDIA GeForce RTX 4090, 10455 MiB, 24564 MiB, 100 %, 79
0, NVIDIA GeForce RTX 3060, 1722 MiB, 12288 MiB, 14 %, 57
1, NVIDIA GeForce RTX 4090, 10455 MiB, 24564 MiB, 100 %, 79
0, NVIDIA GeForce RTX 3060, 1709 MiB, 12288 MiB, 21 %, 57
1, NVIDIA GeForce RTX 4090, 10455 MiB, 24564 MiB, 100 %, 81
0, NVIDIA GeForce RTX 3060, 1709 MiB, 12288 MiB, 12 %, 57
1, NVIDIA GeForce RTX 4090, 10455 MiB, 24564 MiB, 100 %, 80
0, NVIDIA GeForce RTX 3060, 1709 MiB, 12288 MiB, 12 %, 57
1, NVIDIA GeForce RTX 4090, 10455 MiB, 24564 MiB, 99 %, 81
0, NVIDIA GeForce RTX 3060, 1708 MiB, 12288 MiB, 17 %, 57
1, NVIDIA GeForce RTX 4090, 10455 MiB, 24564 MiB, 100 %, 82
0, NVIDIA GeForce RTX 3060, 1703 MiB, 12288 MiB, 14 %, 57
1, NVIDIA GeForce RTX 4090, 10455 MiB, 24564 MiB, 100 %, 79
0, NVIDIA GeForce RTX 3060, 1703 MiB, 12288 MiB, 18 %, 57
1, NVIDIA GeForce RTX 4090, 10455 MiB, 24564 MiB, 100 %, 82
0, NVIDIA GeForce RTX 3060, 1703 MiB, 12288 MiB, 13 %, 57
1, NVIDIA GeForce RTX 4090, 10455 MiB, 24564 MiB, 100 %, 83
0, NVIDIA GeForce RTX 3060, 1703 MiB, 12288 MiB, 12 %, 57
1, NVIDIA GeForce RTX 4090, 10455 MiB, 24564 MiB, 100 %, 79
0, NVIDIA GeForce RTX 3060, 1703 MiB, 12288 MiB, 14 %, 57
1, NVIDIA GeForce RTX 4090, 10455 MiB, 24564 MiB, 100 %, 81
0, NVIDIA GeForce RTX 3060, 1703 MiB, 12288 MiB, 11 %, 57
1, NVIDIA GeForce RTX 4090, 10455 MiB, 24564 MiB, 100 %, 83
0, NVIDIA GeForce RTX 3060, 1703 MiB, 12288 MiB, 15 %, 57
1, NVIDIA GeForce RTX 4090, 10455 MiB, 24564 MiB, 100 %, 82
0, NVIDIA GeForce RTX 3060, 1703 MiB, 12288 MiB, 12 %, 57
1, NVIDIA GeForce RTX 4090, 10455 MiB, 24564 MiB, 100 %, 80
0, NVIDIA GeForce RTX 3060, 1703 MiB, 12288 MiB, 7 %, 57
1, NVIDIA GeForce RTX 4090, 10455 MiB, 24564 MiB, 100 %, 82
0, NVIDIA GeForce RTX 3060, 1709 MiB, 12288 MiB, 16 %, 57
1, NVIDIA GeForce RTX 4090, 10455 MiB, 24564 MiB, 100 %, 81
0, NVIDIA GeForce RTX 3060, 1709 MiB, 12288 MiB, 13 %, 57
1, NVIDIA GeForce RTX 4090, 10455 MiB, 24564 MiB, 100 %, 83
0, NVIDIA GeForce RTX 3060, 1707 MiB, 12288 MiB, 22 %, 57
1, NVIDIA GeForce RTX 4090, 10455 MiB, 24564 MiB, 100 %, 83
0, NVIDIA GeForce RTX 3060, 1708 MiB, 12288 MiB, 15 %, 57
1, NVIDIA GeForce RTX 4090, 10455 MiB, 24564 MiB, 100 %, 79
0, NVIDIA GeForce RTX 3060, 1708 MiB, 12288 MiB, 12 %, 57
1, NVIDIA GeForce RTX 4090, 10455 MiB, 24564 MiB, 100 %, 82
0, NVIDIA GeForce RTX 3060, 1709 MiB, 12288 MiB, 20 %, 57
1, NVIDIA GeForce RTX 4090, 10455 MiB, 24564 MiB, 100 %, 83
0, NVIDIA GeForce RTX 3060, 1709 MiB, 12288 MiB, 12 %, 57
1, NVIDIA GeForce RTX 4090, 10455 MiB, 24564 MiB, 100 %, 82
0, NVIDIA GeForce RTX 3060, 1709 MiB, 12288 MiB, 34 %, 57
1, NVIDIA GeForce RTX 4090, 10455 MiB, 24564 MiB, 100 %, 80
0, NVIDIA GeForce RTX 3060, 1708 MiB, 12288 MiB, 13 %, 57
1, NVIDIA GeForce RTX 4090, 10455 MiB, 24564 MiB, 100 %, 84
0, NVIDIA GeForce RTX 3060, 1710 MiB, 12288 MiB, 13 %, 57
1, NVIDIA GeForce RTX 4090, 10455 MiB, 24564 MiB, 100 %, 82
0, NVIDIA GeForce RTX 3060, 1705 MiB, 12288 MiB, 16 %, 57
1, NVIDIA GeForce RTX 4090, 10455 MiB, 24564 MiB, 100 %, 80
0, NVIDIA GeForce RTX 3060, 1703 MiB, 12288 MiB, 13 %, 57
1, NVIDIA GeForce RTX 4090, 10455 MiB, 24564 MiB, 100 %, 83
0, NVIDIA GeForce RTX 3060, 1703 MiB, 12288 MiB, 16 %, 57
1, NVIDIA GeForce RTX 4090, 10455 MiB, 24564 MiB, 100 %, 80
0, NVIDIA GeForce RTX 3060, 1703 MiB, 12288 MiB, 12 %, 57
1, NVIDIA GeForce RTX 4090, 10455 MiB, 24564 MiB, 100 %, 80
0, NVIDIA GeForce RTX 3060, 1703 MiB, 12288 MiB, 12 %, 57
1, NVIDIA GeForce RTX 4090, 10455 MiB, 24564 MiB, 100 %, 84
0, NVIDIA GeForce RTX 3060, 1703 MiB, 12288 MiB, 12 %, 57
1, NVIDIA GeForce RTX 4090, 10455 MiB, 24564 MiB, 100 %, 81
0, NVIDIA GeForce RTX 3060, 1713 MiB, 12288 MiB, 11 %, 57
1, NVIDIA GeForce RTX 4090, 10455 MiB, 24564 MiB, 100 %, 83
0, NVIDIA GeForce RTX 3060, 1714 MiB, 12288 MiB, 14 %, 57
1, NVIDIA GeForce RTX 4090, 10455 MiB, 24564 MiB, 100 %, 83
0, NVIDIA GeForce RTX 3060, 1714 MiB, 12288 MiB, 16 %, 57
1, NVIDIA GeForce RTX 4090, 10455 MiB, 24564 MiB, 100 %, 82
0, NVIDIA GeForce RTX 3060, 1714 MiB, 12288 MiB, 13 %, 57
1, NVIDIA GeForce RTX 4090, 10455 MiB, 24564 MiB, 100 %, 80
0, NVIDIA GeForce RTX 3060, 1720 MiB, 12288 MiB, 15 %, 57
1, NVIDIA GeForce RTX 4090, 10455 MiB, 24564 MiB, 100 %, 81
0, NVIDIA GeForce RTX 3060, 1719 MiB, 12288 MiB, 12 %, 57
1, NVIDIA GeForce RTX 4090, 10455 MiB, 24564 MiB, 100 %, 83
0, NVIDIA GeForce RTX 3060, 1702 MiB, 12288 MiB, 26 %, 57
1, NVIDIA GeForce RTX 4090, 10455 MiB, 24564 MiB, 100 %, 80
0, NVIDIA GeForce RTX 3060, 1702 MiB, 12288 MiB, 21 %, 57
1, NVIDIA GeForce RTX 4090, 10455 MiB, 24564 MiB, 100 %, 84
0, NVIDIA GeForce RTX 3060, 1706 MiB, 12288 MiB, 12 %, 57
1, NVIDIA GeForce RTX 4090, 10455 MiB, 24564 MiB, 100 %, 80
0, NVIDIA GeForce RTX 3060, 1706 MiB, 12288 MiB, 11 %, 57
1, NVIDIA GeForce RTX 4090, 10455 MiB, 24564 MiB, 100 %, 80
0, NVIDIA GeForce RTX 3060, 1706 MiB, 12288 MiB, 12 %, 57
1, NVIDIA GeForce RTX 4090, 10455 MiB, 24564 MiB, 100 %, 83
0, NVIDIA GeForce RTX 3060, 1706 MiB, 12288 MiB, 20 %, 57
1, NVIDIA GeForce RTX 4090, 10455 MiB, 24564 MiB, 100 %, 82
0, NVIDIA GeForce RTX 3060, 1706 MiB, 12288 MiB, 20 %, 57
1, NVIDIA GeForce RTX 4090, 10455 MiB, 24564 MiB, 100 %, 84
0, NVIDIA GeForce RTX 3060, 1706 MiB, 12288 MiB, 13 %, 57
1, NVIDIA GeForce RTX 4090, 10455 MiB, 24564 MiB, 100 %, 83
0, NVIDIA GeForce RTX 3060, 1703 MiB, 12288 MiB, 13 %, 57
1, NVIDIA GeForce RTX 4090, 10455 MiB, 24564 MiB, 100 %, 81
0, NVIDIA GeForce RTX 3060, 1703 MiB, 12288 MiB, 13 %, 57
1, NVIDIA GeForce RTX 4090, 10455 MiB, 24564 MiB, 100 %, 84
0, NVIDIA GeForce RTX 3060, 1705 MiB, 12288 MiB, 15 %, 57
1, NVIDIA GeForce RTX 4090, 10455 MiB, 24564 MiB, 100 %, 82
0, NVIDIA GeForce RTX 3060, 1705 MiB, 12288 MiB, 14 %, 57
1, NVIDIA GeForce RTX 4090, 10455 MiB, 24564 MiB, 100 %, 82
0, NVIDIA GeForce RTX 3060, 1710 MiB, 12288 MiB, 12 %, 57
1, NVIDIA GeForce RTX 4090, 10455 MiB, 24564 MiB, 100 %, 83
0, NVIDIA GeForce RTX 3060, 1710 MiB, 12288 MiB, 12 %, 57
1, NVIDIA GeForce RTX 4090, 10455 MiB, 24564 MiB, 100 %, 80
0, NVIDIA GeForce RTX 3060, 1720 MiB, 12288 MiB, 10 %, 57
1, NVIDIA GeForce RTX 4090, 10455 MiB, 24564 MiB, 0 %, 65
0, NVIDIA GeForce RTX 3060, 1723 MiB, 12288 MiB, 16 %, 57
1, NVIDIA GeForce RTX 4090, 10455 MiB, 24564 MiB, 0 %, 63
0, NVIDIA GeForce RTX 3060, 1723 MiB, 12288 MiB, 15 %, 57
1, NVIDIA GeForce RTX 4090, 1473 MiB, 24564 MiB, 3 %, 60
0, NVIDIA GeForce RTX 3060, 1715 MiB, 12288 MiB, 13 %, 57
1, NVIDIA GeForce RTX 4090, 1473 MiB, 24564 MiB, 0 %, 59
