0, NVIDIA GeForce RTX 3060, 1595 MiB, 12288 MiB, 40 %, 53
1, NVIDIA GeForce RTX 4090, 5087 MiB, 24564 MiB, 0 %, 51
0, NVIDIA GeForce RTX 3060, 1586 MiB, 12288 MiB, 16 %, 53
1, NVIDIA GeForce RTX 4090, 5087 MiB, 24564 MiB, 0 %, 50
0, NVIDIA GeForce RTX 3060, 1579 MiB, 12288 MiB, 14 %, 53
1, NVIDIA GeForce RTX 4090, 5087 MiB, 24564 MiB, 0 %, 50
0, NVIDIA GeForce RTX 3060, 1583 MiB, 12288 MiB, 15 %, 53
1, NVIDIA GeForce RTX 4090, 5087 MiB, 24564 MiB, 0 %, 50
0, NVIDIA GeForce RTX 3060, 1583 MiB, 12288 MiB, 14 %, 53
1, NVIDIA GeForce RTX 4090, 5087 MiB, 24564 MiB, 0 %, 50
0, NVIDIA GeForce RTX 3060, 1555 MiB, 12288 MiB, 14 %, 53
1, NVIDIA GeForce RTX 4090, 5087 MiB, 24564 MiB, 0 %, 50
0, NVIDIA GeForce RTX 3060, 1559 MiB, 12288 MiB, 21 %, 53
1, NVIDIA GeForce RTX 4090, 5087 MiB, 24564 MiB, 0 %, 50
0, NVIDIA GeForce RTX 3060, 1559 MiB, 12288 MiB, 14 %, 53
1, NVIDIA GeForce RTX 4090, 5087 MiB, 24564 MiB, 0 %, 50
0, NVIDIA GeForce RTX 3060, 1555 MiB, 12288 MiB, 16 %, 53
1, NVIDIA GeForce RTX 4090, 5087 MiB, 24564 MiB, 0 %, 50
0, NVIDIA GeForce RTX 3060, 1555 MiB, 12288 MiB, 19 %, 53
1, NVIDIA GeForce RTX 4090, 5087 MiB, 24564 MiB, 0 %, 50
0, NVIDIA GeForce RTX 3060, 1558 MiB, 12288 MiB, 14 %, 53
1, NVIDIA GeForce RTX 4090, 5087 MiB, 24564 MiB, 0 %, 49
0, NVIDIA GeForce RTX 3060, 1563 MiB, 12288 MiB, 22 %, 53
1, NVIDIA GeForce RTX 4090, 5087 MiB, 24564 MiB, 0 %, 49
0, NVIDIA GeForce RTX 3060, 1563 MiB, 12288 MiB, 14 %, 53
1, NVIDIA GeForce RTX 4090, 5087 MiB, 24564 MiB, 0 %, 49
0, NVIDIA GeForce RTX 3060, 1556 MiB, 12288 MiB, 16 %, 53
1, NVIDIA GeForce RTX 4090, 5087 MiB, 24564 MiB, 0 %, 49
0, NVIDIA GeForce RTX 3060, 1556 MiB, 12288 MiB, 15 %, 53
1, NVIDIA GeForce RTX 4090, 5087 MiB, 24564 MiB, 0 %, 49
0, NVIDIA GeForce RTX 3060, 1551 MiB, 12288 MiB, 14 %, 53
1, NVIDIA GeForce RTX 4090, 5087 MiB, 24564 MiB, 0 %, 49
0, NVIDIA GeForce RTX 3060, 1551 MiB, 12288 MiB, 17 %, 53
1, NVIDIA GeForce RTX 4090, 5087 MiB, 24564 MiB, 0 %, 49
0, NVIDIA GeForce RTX 3060, 1551 MiB, 12288 MiB, 13 %, 53
1, NVIDIA GeForce RTX 4090, 5087 MiB, 24564 MiB, 0 %, 48
0, NVIDIA GeForce RTX 3060, 1556 MiB, 12288 MiB, 16 %, 53
1, NVIDIA GeForce RTX 4090, 5087 MiB, 24564 MiB, 0 %, 48
0, NVIDIA GeForce RTX 3060, 1556 MiB, 12288 MiB, 14 %, 53
1, NVIDIA GeForce RTX 4090, 5087 MiB, 24564 MiB, 0 %, 48
0, NVIDIA GeForce RTX 3060, 1560 MiB, 12288 MiB, 16 %, 53
1, NVIDIA GeForce RTX 4090, 5087 MiB, 24564 MiB, 0 %, 48
0, NVIDIA GeForce RTX 3060, 1560 MiB, 12288 MiB, 14 %, 53
1, NVIDIA GeForce RTX 4090, 5087 MiB, 24564 MiB, 0 %, 48
0, NVIDIA GeForce RTX 3060, 1556 MiB, 12288 MiB, 14 %, 53
1, NVIDIA GeForce RTX 4090, 5087 MiB, 24564 MiB, 0 %, 48
0, NVIDIA GeForce RTX 3060, 1546 MiB, 12288 MiB, 14 %, 53
1, NVIDIA GeForce RTX 4090, 5087 MiB, 24564 MiB, 0 %, 48
0, NVIDIA GeForce RTX 3060, 1546 MiB, 12288 MiB, 15 %, 53
1, NVIDIA GeForce RTX 4090, 5087 MiB, 24564 MiB, 0 %, 48
0, NVIDIA GeForce RTX 3060, 1550 MiB, 12288 MiB, 15 %, 53
1, NVIDIA GeForce RTX 4090, 5087 MiB, 24564 MiB, 0 %, 48
0, NVIDIA GeForce RTX 3060, 1550 MiB, 12288 MiB, 15 %, 53
1, NVIDIA GeForce RTX 4090, 5087 MiB, 24564 MiB, 0 %, 48
0, NVIDIA GeForce RTX 3060, 1538 MiB, 12288 MiB, 17 %, 53
1, NVIDIA GeForce RTX 4090, 5087 MiB, 24564 MiB, 0 %, 47
0, NVIDIA GeForce RTX 3060, 1538 MiB, 12288 MiB, 16 %, 53
1, NVIDIA GeForce RTX 4090, 5087 MiB, 24564 MiB, 0 %, 47
0, NVIDIA GeForce RTX 3060, 1538 MiB, 12288 MiB, 15 %, 53
1, NVIDIA GeForce RTX 4090, 5087 MiB, 24564 MiB, 0 %, 47
0, NVIDIA GeForce RTX 3060, 1542 MiB, 12288 MiB, 15 %, 53
1, NVIDIA GeForce RTX 4090, 5087 MiB, 24564 MiB, 97 %, 47
0, NVIDIA GeForce RTX 3060, 1542 MiB, 12288 MiB, 15 %, 53
1, NVIDIA GeForce RTX 4090, 5087 MiB, 24564 MiB, 80 %, 49
0, NVIDIA GeForce RTX 3060, 1538 MiB, 12288 MiB, 18 %, 53
1, NVIDIA GeForce RTX 4090, 1845 MiB, 24564 MiB, 0 %, 50
0, NVIDIA GeForce RTX 3060, 1538 MiB, 12288 MiB, 16 %, 53
1, NVIDIA GeForce RTX 4090, 1845 MiB, 24564 MiB, 0 %, 50
0, NVIDIA GeForce RTX 3060, 1538 MiB, 12288 MiB, 15 %, 53
1, NVIDIA GeForce RTX 4090, 1845 MiB, 24564 MiB, 0 %, 48
0, NVIDIA GeForce RTX 3060, 1538 MiB, 12288 MiB, 14 %, 53
1, NVIDIA GeForce RTX 4090, 1845 MiB, 24564 MiB, 0 %, 47
0, NVIDIA GeForce RTX 3060, 1541 MiB, 12288 MiB, 14 %, 53
1, NVIDIA GeForce RTX 4090, 1845 MiB, 24564 MiB, 0 %, 47
0, NVIDIA GeForce RTX 3060, 1542 MiB, 12288 MiB, 13 %, 53
1, NVIDIA GeForce RTX 4090, 1845 MiB, 24564 MiB, 0 %, 47
0, NVIDIA GeForce RTX 3060, 1542 MiB, 12288 MiB, 14 %, 53
1, NVIDIA GeForce RTX 4090, 1845 MiB, 24564 MiB, 0 %, 47
0, NVIDIA GeForce RTX 3060, 1566 MiB, 12288 MiB, 14 %, 53
1, NVIDIA GeForce RTX 4090, 1845 MiB, 24564 MiB, 0 %, 47
0, NVIDIA GeForce RTX 3060, 1566 MiB, 12288 MiB, 16 %, 53
1, NVIDIA GeForce RTX 4090, 1845 MiB, 24564 MiB, 0 %, 47
0, NVIDIA GeForce RTX 3060, 1566 MiB, 12288 MiB, 14 %, 53
1, NVIDIA GeForce RTX 4090, 1845 MiB, 24564 MiB, 0 %, 47
0, NVIDIA GeForce RTX 3060, 1565 MiB, 12288 MiB, 14 %, 53
1, NVIDIA GeForce RTX 4090, 1845 MiB, 24564 MiB, 0 %, 46
0, NVIDIA GeForce RTX 3060, 1565 MiB, 12288 MiB, 14 %, 53
1, NVIDIA GeForce RTX 4090, 1845 MiB, 24564 MiB, 0 %, 46
0, NVIDIA GeForce RTX 3060, 1561 MiB, 12288 MiB, 15 %, 53
1, NVIDIA GeForce RTX 4090, 1845 MiB, 24564 MiB, 0 %, 46
0, NVIDIA GeForce RTX 3060, 1541 MiB, 12288 MiB, 14 %, 53
1, NVIDIA GeForce RTX 4090, 1845 MiB, 24564 MiB, 0 %, 46
0, NVIDIA GeForce RTX 3060, 1538 MiB, 12288 MiB, 15 %, 53
1, NVIDIA GeForce RTX 4090, 1845 MiB, 24564 MiB, 0 %, 46
0, NVIDIA GeForce RTX 3060, 1538 MiB, 12288 MiB, 14 %, 53
1, NVIDIA GeForce RTX 4090, 9485 MiB, 24564 MiB, 92 %, 46
0, NVIDIA GeForce RTX 3060, 1538 MiB, 12288 MiB, 14 %, 53
1, NVIDIA GeForce RTX 4090, 9485 MiB, 24564 MiB, 100 %, 48
0, NVIDIA GeForce RTX 3060, 1552 MiB, 12288 MiB, 17 %, 53
1, NVIDIA GeForce RTX 4090, 9485 MiB, 24564 MiB, 95 %, 49
0, NVIDIA GeForce RTX 3060, 1554 MiB, 12288 MiB, 15 %, 53
1, NVIDIA GeForce RTX 4090, 13745 MiB, 24564 MiB, 100 %, 63
0, NVIDIA GeForce RTX 3060, 1549 MiB, 12288 MiB, 14 %, 53
1, NVIDIA GeForce RTX 4090, 13745 MiB, 24564 MiB, 100 %, 67
0, NVIDIA GeForce RTX 3060, 1549 MiB, 12288 MiB, 16 %, 53
1, NVIDIA GeForce RTX 4090, 13747 MiB, 24564 MiB, 100 %, 65
0, NVIDIA GeForce RTX 3060, 1548 MiB, 12288 MiB, 16 %, 53
1, NVIDIA GeForce RTX 4090, 13749 MiB, 24564 MiB, 100 %, 67
0, NVIDIA GeForce RTX 3060, 1552 MiB, 12288 MiB, 28 %, 53
1, NVIDIA GeForce RTX 4090, 14011 MiB, 24564 MiB, 100 %, 68
0, NVIDIA GeForce RTX 3060, 1547 MiB, 12288 MiB, 14 %, 53
1, NVIDIA GeForce RTX 4090, 14131 MiB, 24564 MiB, 100 %, 67
0, NVIDIA GeForce RTX 3060, 1543 MiB, 12288 MiB, 14 %, 53
1, NVIDIA GeForce RTX 4090, 14131 MiB, 24564 MiB, 100 %, 68
0, NVIDIA GeForce RTX 3060, 1543 MiB, 12288 MiB, 14 %, 53
1, NVIDIA GeForce RTX 4090, 14131 MiB, 24564 MiB, 100 %, 69
0, NVIDIA GeForce RTX 3060, 1543 MiB, 12288 MiB, 15 %, 53
1, NVIDIA GeForce RTX 4090, 14131 MiB, 24564 MiB, 100 %, 68
0, NVIDIA GeForce RTX 3060, 1543 MiB, 12288 MiB, 14 %, 53
1, NVIDIA GeForce RTX 4090, 14131 MiB, 24564 MiB, 100 %, 69
0, NVIDIA GeForce RTX 3060, 1558 MiB, 12288 MiB, 13 %, 53
1, NVIDIA GeForce RTX 4090, 14131 MiB, 24564 MiB, 100 %, 71
0, NVIDIA GeForce RTX 3060, 1564 MiB, 12288 MiB, 14 %, 53
1, NVIDIA GeForce RTX 4090, 14131 MiB, 24564 MiB, 100 %, 69
0, NVIDIA GeForce RTX 3060, 1565 MiB, 12288 MiB, 14 %, 53
1, NVIDIA GeForce RTX 4090, 14131 MiB, 24564 MiB, 100 %, 72
0, NVIDIA GeForce RTX 3060, 1562 MiB, 12288 MiB, 16 %, 53
1, NVIDIA GeForce RTX 4090, 14131 MiB, 24564 MiB, 100 %, 72
0, NVIDIA GeForce RTX 3060, 1562 MiB, 12288 MiB, 14 %, 53
1, NVIDIA GeForce RTX 4090, 14131 MiB, 24564 MiB, 100 %, 72
0, NVIDIA GeForce RTX 3060, 1558 MiB, 12288 MiB, 21 %, 53
1, NVIDIA GeForce RTX 4090, 14131 MiB, 24564 MiB, 100 %, 72
0, NVIDIA GeForce RTX 3060, 1558 MiB, 12288 MiB, 13 %, 53
1, NVIDIA GeForce RTX 4090, 14131 MiB, 24564 MiB, 100 %, 73
0, NVIDIA GeForce RTX 3060, 1555 MiB, 12288 MiB, 14 %, 53
1, NVIDIA GeForce RTX 4090, 14131 MiB, 24564 MiB, 100 %, 73
0, NVIDIA GeForce RTX 3060, 1554 MiB, 12288 MiB, 14 %, 53
1, NVIDIA GeForce RTX 4090, 14131 MiB, 24564 MiB, 100 %, 72
0, NVIDIA GeForce RTX 3060, 1554 MiB, 12288 MiB, 18 %, 53
1, NVIDIA GeForce RTX 4090, 14131 MiB, 24564 MiB, 100 %, 73
0, NVIDIA GeForce RTX 3060, 1542 MiB, 12288 MiB, 27 %, 53
1, NVIDIA GeForce RTX 4090, 14131 MiB, 24564 MiB, 100 %, 75
0, NVIDIA GeForce RTX 3060, 1542 MiB, 12288 MiB, 16 %, 53
1, NVIDIA GeForce RTX 4090, 14131 MiB, 24564 MiB, 100 %, 72
0, NVIDIA GeForce RTX 3060, 1538 MiB, 12288 MiB, 15 %, 53
1, NVIDIA GeForce RTX 4090, 14131 MiB, 24564 MiB, 100 %, 74
0, NVIDIA GeForce RTX 3060, 1538 MiB, 12288 MiB, 14 %, 53
1, NVIDIA GeForce RTX 4090, 14131 MiB, 24564 MiB, 100 %, 73
0, NVIDIA GeForce RTX 3060, 1539 MiB, 12288 MiB, 13 %, 53
1, NVIDIA GeForce RTX 4090, 14131 MiB, 24564 MiB, 100 %, 73
0, NVIDIA GeForce RTX 3060, 1539 MiB, 12288 MiB, 14 %, 53
1, NVIDIA GeForce RTX 4090, 14131 MiB, 24564 MiB, 98 %, 73
0, NVIDIA GeForce RTX 3060, 1539 MiB, 12288 MiB, 14 %, 53
1, NVIDIA GeForce RTX 4090, 14131 MiB, 24564 MiB, 100 %, 76
0, NVIDIA GeForce RTX 3060, 1543 MiB, 12288 MiB, 14 %, 53
1, NVIDIA GeForce RTX 4090, 14131 MiB, 24564 MiB, 100 %, 73
0, NVIDIA GeForce RTX 3060, 1543 MiB, 12288 MiB, 14 %, 53
1, NVIDIA GeForce RTX 4090, 14131 MiB, 24564 MiB, 100 %, 75
0, NVIDIA GeForce RTX 3060, 1549 MiB, 12288 MiB, 14 %, 53
1, NVIDIA GeForce RTX 4090, 14131 MiB, 24564 MiB, 100 %, 77
0, NVIDIA GeForce RTX 3060, 1550 MiB, 12288 MiB, 15 %, 53
1, NVIDIA GeForce RTX 4090, 14131 MiB, 24564 MiB, 100 %, 74
0, NVIDIA GeForce RTX 3060, 1550 MiB, 12288 MiB, 14 %, 53
1, NVIDIA GeForce RTX 4090, 14131 MiB, 24564 MiB, 100 %, 75
0, NVIDIA GeForce RTX 3060, 1550 MiB, 12288 MiB, 14 %, 53
1, NVIDIA GeForce RTX 4090, 14131 MiB, 24564 MiB, 100 %, 75
0, NVIDIA GeForce RTX 3060, 1550 MiB, 12288 MiB, 15 %, 53
1, NVIDIA GeForce RTX 4090, 14131 MiB, 24564 MiB, 100 %, 76
0, NVIDIA GeForce RTX 3060, 1549 MiB, 12288 MiB, 14 %, 53
1, NVIDIA GeForce RTX 4090, 14131 MiB, 24564 MiB, 100 %, 75
0, NVIDIA GeForce RTX 3060, 1542 MiB, 12288 MiB, 13 %, 53
1, NVIDIA GeForce RTX 4090, 14131 MiB, 24564 MiB, 100 %, 77
0, NVIDIA GeForce RTX 3060, 1553 MiB, 12288 MiB, 14 %, 53
1, NVIDIA GeForce RTX 4090, 14131 MiB, 24564 MiB, 100 %, 77
0, NVIDIA GeForce RTX 3060, 1550 MiB, 12288 MiB, 14 %, 53
1, NVIDIA GeForce RTX 4090, 14131 MiB, 24564 MiB, 100 %, 77
0, NVIDIA GeForce RTX 3060, 1550 MiB, 12288 MiB, 15 %, 53
1, NVIDIA GeForce RTX 4090, 14131 MiB, 24564 MiB, 99 %, 77
0, NVIDIA GeForce RTX 3060, 1568 MiB, 12288 MiB, 18 %, 53
1, NVIDIA GeForce RTX 4090, 14131 MiB, 24564 MiB, 100 %, 75
0, NVIDIA GeForce RTX 3060, 1561 MiB, 12288 MiB, 14 %, 53
1, NVIDIA GeForce RTX 4090, 14131 MiB, 24564 MiB, 100 %, 77
0, NVIDIA GeForce RTX 3060, 1560 MiB, 12288 MiB, 15 %, 53
1, NVIDIA GeForce RTX 4090, 14131 MiB, 24564 MiB, 100 %, 76
0, NVIDIA GeForce RTX 3060, 1559 MiB, 12288 MiB, 16 %, 53
1, NVIDIA GeForce RTX 4090, 14131 MiB, 24564 MiB, 100 %, 76
0, NVIDIA GeForce RTX 3060, 1562 MiB, 12288 MiB, 16 %, 53
1, NVIDIA GeForce RTX 4090, 14131 MiB, 24564 MiB, 100 %, 77
0, NVIDIA GeForce RTX 3060, 1551 MiB, 12288 MiB, 15 %, 53
1, NVIDIA GeForce RTX 4090, 14131 MiB, 24564 MiB, 100 %, 78
0, NVIDIA GeForce RTX 3060, 1547 MiB, 12288 MiB, 15 %, 53
1, NVIDIA GeForce RTX 4090, 14131 MiB, 24564 MiB, 100 %, 78
0, NVIDIA GeForce RTX 3060, 1547 MiB, 12288 MiB, 15 %, 53
1, NVIDIA GeForce RTX 4090, 14131 MiB, 24564 MiB, 100 %, 79
0, NVIDIA GeForce RTX 3060, 1551 MiB, 12288 MiB, 14 %, 53
1, NVIDIA GeForce RTX 4090, 14131 MiB, 24564 MiB, 100 %, 77
0, NVIDIA GeForce RTX 3060, 1541 MiB, 12288 MiB, 14 %, 53
1, NVIDIA GeForce RTX 4090, 14131 MiB, 24564 MiB, 100 %, 77
0, NVIDIA GeForce RTX 3060, 1537 MiB, 12288 MiB, 14 %, 53
1, NVIDIA GeForce RTX 4090, 14131 MiB, 24564 MiB, 100 %, 79
0, NVIDIA GeForce RTX 3060, 1547 MiB, 12288 MiB, 14 %, 53
1, NVIDIA GeForce RTX 4090, 14131 MiB, 24564 MiB, 100 %, 77
0, NVIDIA GeForce RTX 3060, 1548 MiB, 12288 MiB, 17 %, 54
1, NVIDIA GeForce RTX 4090, 14131 MiB, 24564 MiB, 100 %, 78
0, NVIDIA GeForce RTX 3060, 1548 MiB, 12288 MiB, 14 %, 53
1, NVIDIA GeForce RTX 4090, 14131 MiB, 24564 MiB, 100 %, 79
0, NVIDIA GeForce RTX 3060, 1552 MiB, 12288 MiB, 20 %, 53
1, NVIDIA GeForce RTX 4090, 14131 MiB, 24564 MiB, 100 %, 78
0, NVIDIA GeForce RTX 3060, 1552 MiB, 12288 MiB, 13 %, 54
1, NVIDIA GeForce RTX 4090, 14131 MiB, 24564 MiB, 100 %, 78
0, NVIDIA GeForce RTX 3060, 1547 MiB, 12288 MiB, 16 %, 53
1, NVIDIA GeForce RTX 4090, 14131 MiB, 24564 MiB, 100 %, 78
0, NVIDIA GeForce RTX 3060, 1547 MiB, 12288 MiB, 15 %, 53
1, NVIDIA GeForce RTX 4090, 14131 MiB, 24564 MiB, 100 %, 79
0, NVIDIA GeForce RTX 3060, 1551 MiB, 12288 MiB, 14 %, 54
1, NVIDIA GeForce RTX 4090, 14131 MiB, 24564 MiB, 100 %, 78
0, NVIDIA GeForce RTX 3060, 1553 MiB, 12288 MiB, 14 %, 54
1, NVIDIA GeForce RTX 4090, 14131 MiB, 24564 MiB, 100 %, 80
0, NVIDIA GeForce RTX 3060, 1549 MiB, 12288 MiB, 18 %, 53
1, NVIDIA GeForce RTX 4090, 14131 MiB, 24564 MiB, 100 %, 78
0, NVIDIA GeForce RTX 3060, 1549 MiB, 12288 MiB, 15 %, 54
1, NVIDIA GeForce RTX 4090, 14131 MiB, 24564 MiB, 100 %, 79
0, NVIDIA GeForce RTX 3060, 1549 MiB, 12288 MiB, 14 %, 54
1, NVIDIA GeForce RTX 4090, 14131 MiB, 24564 MiB, 100 %, 78
0, NVIDIA GeForce RTX 3060, 1549 MiB, 12288 MiB, 17 %, 54
1, NVIDIA GeForce RTX 4090, 14131 MiB, 24564 MiB, 100 %, 80
0, NVIDIA GeForce RTX 3060, 1549 MiB, 12288 MiB, 16 %, 54
1, NVIDIA GeForce RTX 4090, 14131 MiB, 24564 MiB, 100 %, 78
0, NVIDIA GeForce RTX 3060, 1555 MiB, 12288 MiB, 18 %, 54
1, NVIDIA GeForce RTX 4090, 14131 MiB, 24564 MiB, 100 %, 80
0, NVIDIA GeForce RTX 3060, 1555 MiB, 12288 MiB, 14 %, 54
1, NVIDIA GeForce RTX 4090, 14131 MiB, 24564 MiB, 100 %, 81
0, NVIDIA GeForce RTX 3060, 1551 MiB, 12288 MiB, 22 %, 54
1, NVIDIA GeForce RTX 4090, 14131 MiB, 24564 MiB, 100 %, 78
0, NVIDIA GeForce RTX 3060, 1551 MiB, 12288 MiB, 19 %, 54
1, NVIDIA GeForce RTX 4090, 14131 MiB, 24564 MiB, 100 %, 80
0, NVIDIA GeForce RTX 3060, 1551 MiB, 12288 MiB, 17 %, 54
1, NVIDIA GeForce RTX 4090, 14131 MiB, 24564 MiB, 100 %, 80
0, NVIDIA GeForce RTX 3060, 1551 MiB, 12288 MiB, 18 %, 54
1, NVIDIA GeForce RTX 4090, 14131 MiB, 24564 MiB, 100 %, 79
0, NVIDIA GeForce RTX 3060, 1550 MiB, 12288 MiB, 20 %, 54
1, NVIDIA GeForce RTX 4090, 14131 MiB, 24564 MiB, 100 %, 80
0, NVIDIA GeForce RTX 3060, 1550 MiB, 12288 MiB, 19 %, 54
1, NVIDIA GeForce RTX 4090, 14131 MiB, 24564 MiB, 100 %, 81
0, NVIDIA GeForce RTX 3060, 1547 MiB, 12288 MiB, 20 %, 54
1, NVIDIA GeForce RTX 4090, 14131 MiB, 24564 MiB, 100 %, 80
0, NVIDIA GeForce RTX 3060, 1542 MiB, 12288 MiB, 17 %, 54
1, NVIDIA GeForce RTX 4090, 14131 MiB, 24564 MiB, 100 %, 81
0, NVIDIA GeForce RTX 3060, 1546 MiB, 12288 MiB, 18 %, 54
1, NVIDIA GeForce RTX 4090, 14131 MiB, 24564 MiB, 99 %, 79
0, NVIDIA GeForce RTX 3060, 1546 MiB, 12288 MiB, 16 %, 54
1, NVIDIA GeForce RTX 4090, 14131 MiB, 24564 MiB, 100 %, 80
0, NVIDIA GeForce RTX 3060, 1547 MiB, 12288 MiB, 18 %, 54
1, NVIDIA GeForce RTX 4090, 14131 MiB, 24564 MiB, 100 %, 79
0, NVIDIA GeForce RTX 3060, 1547 MiB, 12288 MiB, 19 %, 54
1, NVIDIA GeForce RTX 4090, 14131 MiB, 24564 MiB, 100 %, 81
0, NVIDIA GeForce RTX 3060, 1547 MiB, 12288 MiB, 19 %, 54
1, NVIDIA GeForce RTX 4090, 14131 MiB, 24564 MiB, 100 %, 81
0, NVIDIA GeForce RTX 3060, 1555 MiB, 12288 MiB, 23 %, 54
1, NVIDIA GeForce RTX 4090, 14131 MiB, 24564 MiB, 100 %, 80
0, NVIDIA GeForce RTX 3060, 1555 MiB, 12288 MiB, 19 %, 54
1, NVIDIA GeForce RTX 4090, 14131 MiB, 24564 MiB, 100 %, 80
0, NVIDIA GeForce RTX 3060, 1547 MiB, 12288 MiB, 18 %, 54
1, NVIDIA GeForce RTX 4090, 14131 MiB, 24564 MiB, 100 %, 80
0, NVIDIA GeForce RTX 3060, 1551 MiB, 12288 MiB, 26 %, 54
1, NVIDIA GeForce RTX 4090, 14131 MiB, 24564 MiB, 100 %, 80
0, NVIDIA GeForce RTX 3060, 1551 MiB, 12288 MiB, 23 %, 54
1, NVIDIA GeForce RTX 4090, 14131 MiB, 24564 MiB, 100 %, 81
0, NVIDIA GeForce RTX 3060, 1542 MiB, 12288 MiB, 18 %, 54
1, NVIDIA GeForce RTX 4090, 14131 MiB, 24564 MiB, 100 %, 79
0, NVIDIA GeForce RTX 3060, 1542 MiB, 12288 MiB, 18 %, 54
1, NVIDIA GeForce RTX 4090, 14131 MiB, 24564 MiB, 100 %, 81
0, NVIDIA GeForce RTX 3060, 1547 MiB, 12288 MiB, 20 %, 54
1, NVIDIA GeForce RTX 4090, 14131 MiB, 24564 MiB, 100 %, 81
0, NVIDIA GeForce RTX 3060, 1547 MiB, 12288 MiB, 15 %, 54
1, NVIDIA GeForce RTX 4090, 14131 MiB, 24564 MiB, 100 %, 82
0, NVIDIA GeForce RTX 3060, 1549 MiB, 12288 MiB, 17 %, 54
1, NVIDIA GeForce RTX 4090, 14131 MiB, 24564 MiB, 100 %, 81
0, NVIDIA GeForce RTX 3060, 1549 MiB, 12288 MiB, 15 %, 54
1, NVIDIA GeForce RTX 4090, 14131 MiB, 24564 MiB, 100 %, 82
0, NVIDIA GeForce RTX 3060, 1549 MiB, 12288 MiB, 14 %, 54
1, NVIDIA GeForce RTX 4090, 14131 MiB, 24564 MiB, 100 %, 80
0, NVIDIA GeForce RTX 3060, 1547 MiB, 12288 MiB, 15 %, 54
1, NVIDIA GeForce RTX 4090, 14131 MiB, 24564 MiB, 100 %, 81
0, NVIDIA GeForce RTX 3060, 1547 MiB, 12288 MiB, 14 %, 54
1, NVIDIA GeForce RTX 4090, 14131 MiB, 24564 MiB, 100 %, 82
0, NVIDIA GeForce RTX 3060, 1542 MiB, 12288 MiB, 15 %, 54
1, NVIDIA GeForce RTX 4090, 14131 MiB, 24564 MiB, 100 %, 80
0, NVIDIA GeForce RTX 3060, 1546 MiB, 12288 MiB, 14 %, 54
1, NVIDIA GeForce RTX 4090, 14131 MiB, 24564 MiB, 100 %, 80
0, NVIDIA GeForce RTX 3060, 1546 MiB, 12288 MiB, 14 %, 55
1, NVIDIA GeForce RTX 4090, 14131 MiB, 24564 MiB, 100 %, 81
0, NVIDIA GeForce RTX 3060, 1547 MiB, 12288 MiB, 13 %, 54
1, NVIDIA GeForce RTX 4090, 14131 MiB, 24564 MiB, 100 %, 81
0, NVIDIA GeForce RTX 3060, 1549 MiB, 12288 MiB, 12 %, 54
1, NVIDIA GeForce RTX 4090, 14131 MiB, 24564 MiB, 100 %, 81
0, NVIDIA GeForce RTX 3060, 1549 MiB, 12288 MiB, 16 %, 54
1, NVIDIA GeForce RTX 4090, 14131 MiB, 24564 MiB, 100 %, 80
0, NVIDIA GeForce RTX 3060, 1549 MiB, 12288 MiB, 19 %, 55
1, NVIDIA GeForce RTX 4090, 14131 MiB, 24564 MiB, 100 %, 82
0, NVIDIA GeForce RTX 3060, 1549 MiB, 12288 MiB, 19 %, 54
1, NVIDIA GeForce RTX 4090, 14131 MiB, 24564 MiB, 100 %, 81
0, NVIDIA GeForce RTX 3060, 1547 MiB, 12288 MiB, 15 %, 54
1, NVIDIA GeForce RTX 4090, 14131 MiB, 24564 MiB, 100 %, 82
0, NVIDIA GeForce RTX 3060, 1549 MiB, 12288 MiB, 15 %, 55
1, NVIDIA GeForce RTX 4090, 14131 MiB, 24564 MiB, 100 %, 83
0, NVIDIA GeForce RTX 3060, 1543 MiB, 12288 MiB, 17 %, 55
1, NVIDIA GeForce RTX 4090, 14131 MiB, 24564 MiB, 100 %, 81
0, NVIDIA GeForce RTX 3060, 1543 MiB, 12288 MiB, 14 %, 55
1, NVIDIA GeForce RTX 4090, 14131 MiB, 24564 MiB, 100 %, 80
0, NVIDIA GeForce RTX 3060, 1543 MiB, 12288 MiB, 14 %, 55
1, NVIDIA GeForce RTX 4090, 14131 MiB, 24564 MiB, 100 %, 82
0, NVIDIA GeForce RTX 3060, 1548 MiB, 12288 MiB, 14 %, 55
1, NVIDIA GeForce RTX 4090, 14131 MiB, 24564 MiB, 100 %, 83
0, NVIDIA GeForce RTX 3060, 1548 MiB, 12288 MiB, 15 %, 55
1, NVIDIA GeForce RTX 4090, 14131 MiB, 24564 MiB, 100 %, 81
0, NVIDIA GeForce RTX 3060, 1548 MiB, 12288 MiB, 16 %, 55
1, NVIDIA GeForce RTX 4090, 14131 MiB, 24564 MiB, 100 %, 82
0, NVIDIA GeForce RTX 3060, 1548 MiB, 12288 MiB, 15 %, 55
1, NVIDIA GeForce RTX 4090, 14131 MiB, 24564 MiB, 100 %, 80
0, NVIDIA GeForce RTX 3060, 1549 MiB, 12288 MiB, 15 %, 55
1, NVIDIA GeForce RTX 4090, 14131 MiB, 24564 MiB, 100 %, 80
0, NVIDIA GeForce RTX 3060, 1572 MiB, 12288 MiB, 14 %, 55
1, NVIDIA GeForce RTX 4090, 14131 MiB, 24564 MiB, 100 %, 80
0, NVIDIA GeForce RTX 3060, 1572 MiB, 12288 MiB, 18 %, 55
1, NVIDIA GeForce RTX 4090, 14131 MiB, 24564 MiB, 100 %, 82
0, NVIDIA GeForce RTX 3060, 1564 MiB, 12288 MiB, 14 %, 55
1, NVIDIA GeForce RTX 4090, 14131 MiB, 24564 MiB, 100 %, 81
0, NVIDIA GeForce RTX 3060, 1560 MiB, 12288 MiB, 15 %, 55
1, NVIDIA GeForce RTX 4090, 14131 MiB, 24564 MiB, 100 %, 82
0, NVIDIA GeForce RTX 3060, 1560 MiB, 12288 MiB, 15 %, 55
1, NVIDIA GeForce RTX 4090, 14131 MiB, 24564 MiB, 100 %, 81
0, NVIDIA GeForce RTX 3060, 1548 MiB, 12288 MiB, 15 %, 55
1, NVIDIA GeForce RTX 4090, 14131 MiB, 24564 MiB, 100 %, 80
0, NVIDIA GeForce RTX 3060, 1548 MiB, 12288 MiB, 17 %, 55
1, NVIDIA GeForce RTX 4090, 14131 MiB, 24564 MiB, 100 %, 82
0, NVIDIA GeForce RTX 3060, 1556 MiB, 12288 MiB, 14 %, 55
1, NVIDIA GeForce RTX 4090, 14131 MiB, 24564 MiB, 100 %, 81
0, NVIDIA GeForce RTX 3060, 1556 MiB, 12288 MiB, 18 %, 55
1, NVIDIA GeForce RTX 4090, 14131 MiB, 24564 MiB, 100 %, 81
0, NVIDIA GeForce RTX 3060, 1556 MiB, 12288 MiB, 16 %, 55
1, NVIDIA GeForce RTX 4090, 14131 MiB, 24564 MiB, 100 %, 80
0, NVIDIA GeForce RTX 3060, 1552 MiB, 12288 MiB, 17 %, 55
1, NVIDIA GeForce RTX 4090, 14131 MiB, 24564 MiB, 100 %, 81
0, NVIDIA GeForce RTX 3060, 1552 MiB, 12288 MiB, 16 %, 55
1, NVIDIA GeForce RTX 4090, 14131 MiB, 24564 MiB, 100 %, 80
0, NVIDIA GeForce RTX 3060, 1552 MiB, 12288 MiB, 17 %, 55
1, NVIDIA GeForce RTX 4090, 14131 MiB, 24564 MiB, 100 %, 81
0, NVIDIA GeForce RTX 3060, 1552 MiB, 12288 MiB, 18 %, 55
1, NVIDIA GeForce RTX 4090, 14131 MiB, 24564 MiB, 100 %, 82
0, NVIDIA GeForce RTX 3060, 1552 MiB, 12288 MiB, 17 %, 55
1, NVIDIA GeForce RTX 4090, 14131 MiB, 24564 MiB, 100 %, 81
0, NVIDIA GeForce RTX 3060, 1552 MiB, 12288 MiB, 31 %, 55
1, NVIDIA GeForce RTX 4090, 14131 MiB, 24564 MiB, 100 %, 81
0, NVIDIA GeForce RTX 3060, 1552 MiB, 12288 MiB, 14 %, 55
1, NVIDIA GeForce RTX 4090, 14131 MiB, 24564 MiB, 100 %, 81
0, NVIDIA GeForce RTX 3060, 1548 MiB, 12288 MiB, 14 %, 55
1, NVIDIA GeForce RTX 4090, 14131 MiB, 24564 MiB, 100 %, 82
0, NVIDIA GeForce RTX 3060, 1548 MiB, 12288 MiB, 14 %, 55
1, NVIDIA GeForce RTX 4090, 14131 MiB, 24564 MiB, 100 %, 80
0, NVIDIA GeForce RTX 3060, 1548 MiB, 12288 MiB, 15 %, 55
1, NVIDIA GeForce RTX 4090, 14131 MiB, 24564 MiB, 100 %, 81
0, NVIDIA GeForce RTX 3060, 1548 MiB, 12288 MiB, 14 %, 55
1, NVIDIA GeForce RTX 4090, 14131 MiB, 24564 MiB, 100 %, 82
0, NVIDIA GeForce RTX 3060, 1547 MiB, 12288 MiB, 15 %, 55
1, NVIDIA GeForce RTX 4090, 14131 MiB, 24564 MiB, 100 %, 81
0, NVIDIA GeForce RTX 3060, 1547 MiB, 12288 MiB, 13 %, 55
1, NVIDIA GeForce RTX 4090, 14131 MiB, 24564 MiB, 100 %, 81
0, NVIDIA GeForce RTX 3060, 1543 MiB, 12288 MiB, 13 %, 55
1, NVIDIA GeForce RTX 4090, 14131 MiB, 24564 MiB, 100 %, 81
0, NVIDIA GeForce RTX 3060, 1548 MiB, 12288 MiB, 14 %, 55
1, NVIDIA GeForce RTX 4090, 14131 MiB, 24564 MiB, 100 %, 82
0, NVIDIA GeForce RTX 3060, 1548 MiB, 12288 MiB, 13 %, 55
1, NVIDIA GeForce RTX 4090, 14131 MiB, 24564 MiB, 100 %, 82
0, NVIDIA GeForce RTX 3060, 1550 MiB, 12288 MiB, 13 %, 56
1, NVIDIA GeForce RTX 4090, 14131 MiB, 24564 MiB, 100 %, 83
0, NVIDIA GeForce RTX 3060, 1554 MiB, 12288 MiB, 16 %, 55
1, NVIDIA GeForce RTX 4090, 14131 MiB, 24564 MiB, 100 %, 80
0, NVIDIA GeForce RTX 3060, 1554 MiB, 12288 MiB, 18 %, 56
1, NVIDIA GeForce RTX 4090, 14131 MiB, 24564 MiB, 100 %, 82
0, NVIDIA GeForce RTX 3060, 1548 MiB, 12288 MiB, 18 %, 56
1, NVIDIA GeForce RTX 4090, 14131 MiB, 24564 MiB, 100 %, 81
0, NVIDIA GeForce RTX 3060, 1548 MiB, 12288 MiB, 17 %, 55
1, NVIDIA GeForce RTX 4090, 14131 MiB, 24564 MiB, 100 %, 82
0, NVIDIA GeForce RTX 3060, 1543 MiB, 12288 MiB, 16 %, 56
1, NVIDIA GeForce RTX 4090, 14131 MiB, 24564 MiB, 100 %, 80
0, NVIDIA GeForce RTX 3060, 1543 MiB, 12288 MiB, 16 %, 56
1, NVIDIA GeForce RTX 4090, 14131 MiB, 24564 MiB, 100 %, 81
0, NVIDIA GeForce RTX 3060, 1543 MiB, 12288 MiB, 14 %, 55
1, NVIDIA GeForce RTX 4090, 14131 MiB, 24564 MiB, 100 %, 80
0, NVIDIA GeForce RTX 3060, 1552 MiB, 12288 MiB, 14 %, 56
1, NVIDIA GeForce RTX 4090, 14131 MiB, 24564 MiB, 100 %, 82
0, NVIDIA GeForce RTX 3060, 1554 MiB, 12288 MiB, 15 %, 56
1, NVIDIA GeForce RTX 4090, 14131 MiB, 24564 MiB, 100 %, 81
0, NVIDIA GeForce RTX 3060, 1550 MiB, 12288 MiB, 14 %, 56
1, NVIDIA GeForce RTX 4090, 14131 MiB, 24564 MiB, 100 %, 81
0, NVIDIA GeForce RTX 3060, 1550 MiB, 12288 MiB, 14 %, 56
1, NVIDIA GeForce RTX 4090, 14131 MiB, 24564 MiB, 100 %, 81
0, NVIDIA GeForce RTX 3060, 1550 MiB, 12288 MiB, 14 %, 56
1, NVIDIA GeForce RTX 4090, 14131 MiB, 24564 MiB, 100 %, 80
0, NVIDIA GeForce RTX 3060, 1548 MiB, 12288 MiB, 14 %, 56
1, NVIDIA GeForce RTX 4090, 14131 MiB, 24564 MiB, 100 %, 82
0, NVIDIA GeForce RTX 3060, 1543 MiB, 12288 MiB, 14 %, 56
1, NVIDIA GeForce RTX 4090, 14131 MiB, 24564 MiB, 100 %, 82
0, NVIDIA GeForce RTX 3060, 1547 MiB, 12288 MiB, 17 %, 56
1, NVIDIA GeForce RTX 4090, 14131 MiB, 24564 MiB, 100 %, 80
0, NVIDIA GeForce RTX 3060, 1547 MiB, 12288 MiB, 16 %, 56
1, NVIDIA GeForce RTX 4090, 14131 MiB, 24564 MiB, 100 %, 80
0, NVIDIA GeForce RTX 3060, 1543 MiB, 12288 MiB, 14 %, 56
1, NVIDIA GeForce RTX 4090, 14131 MiB, 24564 MiB, 100 %, 83
0, NVIDIA GeForce RTX 3060, 1548 MiB, 12288 MiB, 14 %, 56
1, NVIDIA GeForce RTX 4090, 14131 MiB, 24564 MiB, 100 %, 81
0, NVIDIA GeForce RTX 3060, 1550 MiB, 12288 MiB, 16 %, 56
1, NVIDIA GeForce RTX 4090, 14131 MiB, 24564 MiB, 100 %, 81
0, NVIDIA GeForce RTX 3060, 1550 MiB, 12288 MiB, 17 %, 56
1, NVIDIA GeForce RTX 4090, 14131 MiB, 24564 MiB, 100 %, 82
0, NVIDIA GeForce RTX 3060, 1550 MiB, 12288 MiB, 17 %, 56
1, NVIDIA GeForce RTX 4090, 14131 MiB, 24564 MiB, 100 %, 81
0, NVIDIA GeForce RTX 3060, 1554 MiB, 12288 MiB, 21 %, 56
1, NVIDIA GeForce RTX 4090, 14131 MiB, 24564 MiB, 100 %, 81
0, NVIDIA GeForce RTX 3060, 1552 MiB, 12288 MiB, 20 %, 56
1, NVIDIA GeForce RTX 4090, 14131 MiB, 24564 MiB, 100 %, 82
0, NVIDIA GeForce RTX 3060, 1543 MiB, 12288 MiB, 21 %, 56
1, NVIDIA GeForce RTX 4090, 14131 MiB, 24564 MiB, 100 %, 80
0, NVIDIA GeForce RTX 3060, 1543 MiB, 12288 MiB, 19 %, 56
1, NVIDIA GeForce RTX 4090, 14131 MiB, 24564 MiB, 100 %, 81
0, NVIDIA GeForce RTX 3060, 1543 MiB, 12288 MiB, 16 %, 56
1, NVIDIA GeForce RTX 4090, 14131 MiB, 24564 MiB, 100 %, 80
0, NVIDIA GeForce RTX 3060, 1543 MiB, 12288 MiB, 16 %, 56
1, NVIDIA GeForce RTX 4090, 14131 MiB, 24564 MiB, 100 %, 83
0, NVIDIA GeForce RTX 3060, 1548 MiB, 12288 MiB, 16 %, 56
1, NVIDIA GeForce RTX 4090, 14131 MiB, 24564 MiB, 100 %, 80
0, NVIDIA GeForce RTX 3060, 1550 MiB, 12288 MiB, 16 %, 56
1, NVIDIA GeForce RTX 4090, 14131 MiB, 24564 MiB, 100 %, 82
0, NVIDIA GeForce RTX 3060, 1550 MiB, 12288 MiB, 16 %, 56
1, NVIDIA GeForce RTX 4090, 14131 MiB, 24564 MiB, 100 %, 82
0, NVIDIA GeForce RTX 3060, 1550 MiB, 12288 MiB, 18 %, 56
1, NVIDIA GeForce RTX 4090, 14131 MiB, 24564 MiB, 100 %, 81
0, NVIDIA GeForce RTX 3060, 1550 MiB, 12288 MiB, 16 %, 56
1, NVIDIA GeForce RTX 4090, 14131 MiB, 24564 MiB, 100 %, 82
0, NVIDIA GeForce RTX 3060, 1548 MiB, 12288 MiB, 16 %, 56
1, NVIDIA GeForce RTX 4090, 14131 MiB, 24564 MiB, 100 %, 82
0, NVIDIA GeForce RTX 3060, 1543 MiB, 12288 MiB, 16 %, 56
1, NVIDIA GeForce RTX 4090, 14131 MiB, 24564 MiB, 100 %, 82
0, NVIDIA GeForce RTX 3060, 1543 MiB, 12288 MiB, 16 %, 56
1, NVIDIA GeForce RTX 4090, 14131 MiB, 24564 MiB, 100 %, 82
0, NVIDIA GeForce RTX 3060, 1543 MiB, 12288 MiB, 17 %, 56
1, NVIDIA GeForce RTX 4090, 14131 MiB, 24564 MiB, 100 %, 82
0, NVIDIA GeForce RTX 3060, 1548 MiB, 12288 MiB, 16 %, 56
1, NVIDIA GeForce RTX 4090, 14131 MiB, 24564 MiB, 100 %, 82
0, NVIDIA GeForce RTX 3060, 1549 MiB, 12288 MiB, 15 %, 56
1, NVIDIA GeForce RTX 4090, 14131 MiB, 24564 MiB, 100 %, 82
0, NVIDIA GeForce RTX 3060, 1551 MiB, 12288 MiB, 15 %, 56
1, NVIDIA GeForce RTX 4090, 14131 MiB, 24564 MiB, 100 %, 81
0, NVIDIA GeForce RTX 3060, 1551 MiB, 12288 MiB, 17 %, 56
1, NVIDIA GeForce RTX 4090, 14131 MiB, 24564 MiB, 100 %, 82
0, NVIDIA GeForce RTX 3060, 1551 MiB, 12288 MiB, 19 %, 56
1, NVIDIA GeForce RTX 4090, 14131 MiB, 24564 MiB, 100 %, 81
0, NVIDIA GeForce RTX 3060, 1553 MiB, 12288 MiB, 20 %, 56
1, NVIDIA GeForce RTX 4090, 14131 MiB, 24564 MiB, 100 %, 81
0, NVIDIA GeForce RTX 3060, 1553 MiB, 12288 MiB, 18 %, 56
1, NVIDIA GeForce RTX 4090, 14131 MiB, 24564 MiB, 100 %, 83
0, NVIDIA GeForce RTX 3060, 1544 MiB, 12288 MiB, 19 %, 56
1, NVIDIA GeForce RTX 4090, 14131 MiB, 24564 MiB, 100 %, 82
0, NVIDIA GeForce RTX 3060, 1544 MiB, 12288 MiB, 18 %, 56
1, NVIDIA GeForce RTX 4090, 14131 MiB, 24564 MiB, 100 %, 81
0, NVIDIA GeForce RTX 3060, 1553 MiB, 12288 MiB, 26 %, 56
1, NVIDIA GeForce RTX 4090, 14131 MiB, 24564 MiB, 100 %, 81
0, NVIDIA GeForce RTX 3060, 1553 MiB, 12288 MiB, 16 %, 56
1, NVIDIA GeForce RTX 4090, 14131 MiB, 24564 MiB, 100 %, 81
0, NVIDIA GeForce RTX 3060, 1549 MiB, 12288 MiB, 17 %, 56
1, NVIDIA GeForce RTX 4090, 14131 MiB, 24564 MiB, 100 %, 82
0, NVIDIA GeForce RTX 3060, 1549 MiB, 12288 MiB, 16 %, 57
1, NVIDIA GeForce RTX 4090, 14131 MiB, 24564 MiB, 100 %, 80
0, NVIDIA GeForce RTX 3060, 1549 MiB, 12288 MiB, 15 %, 57
1, NVIDIA GeForce RTX 4090, 14131 MiB, 24564 MiB, 100 %, 82
0, NVIDIA GeForce RTX 3060, 1554 MiB, 12288 MiB, 28 %, 56
1, NVIDIA GeForce RTX 4090, 14131 MiB, 24564 MiB, 100 %, 80
0, NVIDIA GeForce RTX 3060, 1554 MiB, 12288 MiB, 16 %, 57
1, NVIDIA GeForce RTX 4090, 14131 MiB, 24564 MiB, 100 %, 82
0, NVIDIA GeForce RTX 3060, 1550 MiB, 12288 MiB, 18 %, 57
1, NVIDIA GeForce RTX 4090, 14131 MiB, 24564 MiB, 100 %, 82
0, NVIDIA GeForce RTX 3060, 1550 MiB, 12288 MiB, 16 %, 57
1, NVIDIA GeForce RTX 4090, 14131 MiB, 24564 MiB, 100 %, 82
0, NVIDIA GeForce RTX 3060, 1545 MiB, 12288 MiB, 14 %, 57
1, NVIDIA GeForce RTX 4090, 14131 MiB, 24564 MiB, 100 %, 81
0, NVIDIA GeForce RTX 3060, 1545 MiB, 12288 MiB, 14 %, 57
1, NVIDIA GeForce RTX 4090, 14131 MiB, 24564 MiB, 100 %, 82
0, NVIDIA GeForce RTX 3060, 1551 MiB, 12288 MiB, 22 %, 57
1, NVIDIA GeForce RTX 4090, 14131 MiB, 24564 MiB, 100 %, 82
0, NVIDIA GeForce RTX 3060, 1551 MiB, 12288 MiB, 14 %, 57
1, NVIDIA GeForce RTX 4090, 14131 MiB, 24564 MiB, 100 %, 83
0, NVIDIA GeForce RTX 3060, 1557 MiB, 12288 MiB, 10 %, 57
1, NVIDIA GeForce RTX 4090, 14131 MiB, 24564 MiB, 100 %, 80
0, NVIDIA GeForce RTX 3060, 1557 MiB, 12288 MiB, 13 %, 57
1, NVIDIA GeForce RTX 4090, 14131 MiB, 24564 MiB, 100 %, 82
0, NVIDIA GeForce RTX 3060, 1557 MiB, 12288 MiB, 14 %, 57
1, NVIDIA GeForce RTX 4090, 14131 MiB, 24564 MiB, 100 %, 81
0, NVIDIA GeForce RTX 3060, 1547 MiB, 12288 MiB, 15 %, 57
1, NVIDIA GeForce RTX 4090, 14131 MiB, 24564 MiB, 100 %, 80
0, NVIDIA GeForce RTX 3060, 1547 MiB, 12288 MiB, 16 %, 57
1, NVIDIA GeForce RTX 4090, 14131 MiB, 24564 MiB, 100 %, 82
0, NVIDIA GeForce RTX 3060, 1546 MiB, 12288 MiB, 18 %, 57
1, NVIDIA GeForce RTX 4090, 14131 MiB, 24564 MiB, 100 %, 81
0, NVIDIA GeForce RTX 3060, 1546 MiB, 12288 MiB, 16 %, 57
1, NVIDIA GeForce RTX 4090, 14131 MiB, 24564 MiB, 100 %, 80
0, NVIDIA GeForce RTX 3060, 1542 MiB, 12288 MiB, 14 %, 57
1, NVIDIA GeForce RTX 4090, 14131 MiB, 24564 MiB, 100 %, 81
0, NVIDIA GeForce RTX 3060, 1547 MiB, 12288 MiB, 14 %, 57
1, NVIDIA GeForce RTX 4090, 14131 MiB, 24564 MiB, 100 %, 81
0, NVIDIA GeForce RTX 3060, 1549 MiB, 12288 MiB, 14 %, 57
1, NVIDIA GeForce RTX 4090, 14131 MiB, 24564 MiB, 100 %, 81
0, NVIDIA GeForce RTX 3060, 1549 MiB, 12288 MiB, 14 %, 57
1, NVIDIA GeForce RTX 4090, 14131 MiB, 24564 MiB, 100 %, 81
0, NVIDIA GeForce RTX 3060, 1549 MiB, 12288 MiB, 14 %, 57
1, NVIDIA GeForce RTX 4090, 14131 MiB, 24564 MiB, 100 %, 82
0, NVIDIA GeForce RTX 3060, 1554 MiB, 12288 MiB, 14 %, 57
1, NVIDIA GeForce RTX 4090, 14131 MiB, 24564 MiB, 100 %, 82
0, NVIDIA GeForce RTX 3060, 1553 MiB, 12288 MiB, 15 %, 57
1, NVIDIA GeForce RTX 4090, 14131 MiB, 24564 MiB, 100 %, 82
0, NVIDIA GeForce RTX 3060, 1551 MiB, 12288 MiB, 14 %, 57
1, NVIDIA GeForce RTX 4090, 14131 MiB, 24564 MiB, 100 %, 81
0, NVIDIA GeForce RTX 3060, 1542 MiB, 12288 MiB, 15 %, 57
1, NVIDIA GeForce RTX 4090, 14131 MiB, 24564 MiB, 100 %, 83
0, NVIDIA GeForce RTX 3060, 1542 MiB, 12288 MiB, 14 %, 57
1, NVIDIA GeForce RTX 4090, 14131 MiB, 24564 MiB, 100 %, 80
0, NVIDIA GeForce RTX 3060, 1542 MiB, 12288 MiB, 14 %, 57
1, NVIDIA GeForce RTX 4090, 14131 MiB, 24564 MiB, 100 %, 82
0, NVIDIA GeForce RTX 3060, 1551 MiB, 12288 MiB, 14 %, 57
1, NVIDIA GeForce RTX 4090, 14131 MiB, 24564 MiB, 100 %, 81
0, NVIDIA GeForce RTX 3060, 1551 MiB, 12288 MiB, 14 %, 57
1, NVIDIA GeForce RTX 4090, 14131 MiB, 24564 MiB, 100 %, 82
0, NVIDIA GeForce RTX 3060, 1547 MiB, 12288 MiB, 14 %, 57
1, NVIDIA GeForce RTX 4090, 14131 MiB, 24564 MiB, 100 %, 81
0, NVIDIA GeForce RTX 3060, 1547 MiB, 12288 MiB, 14 %, 57
1, NVIDIA GeForce RTX 4090, 14131 MiB, 24564 MiB, 100 %, 82
0, NVIDIA GeForce RTX 3060, 1547 MiB, 12288 MiB, 14 %, 57
1, NVIDIA GeForce RTX 4090, 14131 MiB, 24564 MiB, 100 %, 83
0, NVIDIA GeForce RTX 3060, 1547 MiB, 12288 MiB, 15 %, 57
1, NVIDIA GeForce RTX 4090, 14131 MiB, 24564 MiB, 100 %, 80
0, NVIDIA GeForce RTX 3060, 1547 MiB, 12288 MiB, 21 %, 57
1, NVIDIA GeForce RTX 4090, 14131 MiB, 24564 MiB, 100 %, 81
0, NVIDIA GeForce RTX 3060, 1542 MiB, 12288 MiB, 20 %, 57
1, NVIDIA GeForce RTX 4090, 14131 MiB, 24564 MiB, 100 %, 80
0, NVIDIA GeForce RTX 3060, 1546 MiB, 12288 MiB, 16 %, 57
1, NVIDIA GeForce RTX 4090, 14131 MiB, 24564 MiB, 100 %, 80
0, NVIDIA GeForce RTX 3060, 1546 MiB, 12288 MiB, 14 %, 57
1, NVIDIA GeForce RTX 4090, 14131 MiB, 24564 MiB, 100 %, 82
0, NVIDIA GeForce RTX 3060, 1547 MiB, 12288 MiB, 14 %, 57
1, NVIDIA GeForce RTX 4090, 14131 MiB, 24564 MiB, 100 %, 82
0, NVIDIA GeForce RTX 3060, 1549 MiB, 12288 MiB, 15 %, 57
1, NVIDIA GeForce RTX 4090, 14131 MiB, 24564 MiB, 100 %, 82
0, NVIDIA GeForce RTX 3060, 1549 MiB, 12288 MiB, 14 %, 57
1, NVIDIA GeForce RTX 4090, 14131 MiB, 24564 MiB, 100 %, 80
0, NVIDIA GeForce RTX 3060, 1549 MiB, 12288 MiB, 14 %, 57
1, NVIDIA GeForce RTX 4090, 14131 MiB, 24564 MiB, 100 %, 82
0, NVIDIA GeForce RTX 3060, 1554 MiB, 12288 MiB, 29 %, 57
1, NVIDIA GeForce RTX 4090, 14131 MiB, 24564 MiB, 100 %, 82
0, NVIDIA GeForce RTX 3060, 1551 MiB, 12288 MiB, 15 %, 57
1, NVIDIA GeForce RTX 4090, 14131 MiB, 24564 MiB, 100 %, 81
0, NVIDIA GeForce RTX 3060, 1546 MiB, 12288 MiB, 14 %, 57
1, NVIDIA GeForce RTX 4090, 14131 MiB, 24564 MiB, 100 %, 83
0, NVIDIA GeForce RTX 3060, 1542 MiB, 12288 MiB, 16 %, 57
1, NVIDIA GeForce RTX 4090, 14131 MiB, 24564 MiB, 100 %, 82
0, NVIDIA GeForce RTX 3060, 1542 MiB, 12288 MiB, 14 %, 57
1, NVIDIA GeForce RTX 4090, 14131 MiB, 24564 MiB, 99 %, 81
0, NVIDIA GeForce RTX 3060, 1542 MiB, 12288 MiB, 14 %, 57
1, NVIDIA GeForce RTX 4090, 14131 MiB, 24564 MiB, 99 %, 82
0, NVIDIA GeForce RTX 3060, 1551 MiB, 12288 MiB, 14 %, 57
1, NVIDIA GeForce RTX 4090, 14131 MiB, 24564 MiB, 99 %, 81
0, NVIDIA GeForce RTX 3060, 1554 MiB, 12288 MiB, 17 %, 57
1, NVIDIA GeForce RTX 4090, 14131 MiB, 24564 MiB, 99 %, 81
0, NVIDIA GeForce RTX 3060, 1549 MiB, 12288 MiB, 17 %, 57
1, NVIDIA GeForce RTX 4090, 14131 MiB, 24564 MiB, 100 %, 82
0, NVIDIA GeForce RTX 3060, 1549 MiB, 12288 MiB, 18 %, 57
1, NVIDIA GeForce RTX 4090, 14131 MiB, 24564 MiB, 100 %, 82
0, NVIDIA GeForce RTX 3060, 1549 MiB, 12288 MiB, 17 %, 57
1, NVIDIA GeForce RTX 4090, 14131 MiB, 24564 MiB, 100 %, 80
0, NVIDIA GeForce RTX 3060, 1547 MiB, 12288 MiB, 21 %, 58
1, NVIDIA GeForce RTX 4090, 14131 MiB, 24564 MiB, 100 %, 81
0, NVIDIA GeForce RTX 3060, 1542 MiB, 12288 MiB, 21 %, 57
1, NVIDIA GeForce RTX 4090, 14131 MiB, 24564 MiB, 99 %, 82
0, NVIDIA GeForce RTX 3060, 1542 MiB, 12288 MiB, 21 %, 58
1, NVIDIA GeForce RTX 4090, 14131 MiB, 24564 MiB, 100 %, 81
0, NVIDIA GeForce RTX 3060, 1547 MiB, 12288 MiB, 18 %, 58
1, NVIDIA GeForce RTX 4090, 14131 MiB, 24564 MiB, 99 %, 81
0, NVIDIA GeForce RTX 3060, 1547 MiB, 12288 MiB, 17 %, 58
1, NVIDIA GeForce RTX 4090, 14131 MiB, 24564 MiB, 100 %, 81
0, NVIDIA GeForce RTX 3060, 1551 MiB, 12288 MiB, 35 %, 58
1, NVIDIA GeForce RTX 4090, 14131 MiB, 24564 MiB, 99 %, 81
0, NVIDIA GeForce RTX 3060, 1559 MiB, 12288 MiB, 17 %, 57
1, NVIDIA GeForce RTX 4090, 14131 MiB, 24564 MiB, 100 %, 82
0, NVIDIA GeForce RTX 3060, 1555 MiB, 12288 MiB, 18 %, 58
1, NVIDIA GeForce RTX 4090, 14131 MiB, 24564 MiB, 100 %, 81
0, NVIDIA GeForce RTX 3060, 1547 MiB, 12288 MiB, 17 %, 58
1, NVIDIA GeForce RTX 4090, 14131 MiB, 24564 MiB, 100 %, 81
0, NVIDIA GeForce RTX 3060, 1547 MiB, 12288 MiB, 17 %, 57
1, NVIDIA GeForce RTX 4090, 14131 MiB, 24564 MiB, 100 %, 81
0, NVIDIA GeForce RTX 3060, 1547 MiB, 12288 MiB, 19 %, 58
1, NVIDIA GeForce RTX 4090, 14131 MiB, 24564 MiB, 100 %, 81
0, NVIDIA GeForce RTX 3060, 1542 MiB, 12288 MiB, 16 %, 58
1, NVIDIA GeForce RTX 4090, 14131 MiB, 24564 MiB, 99 %, 80
0, NVIDIA GeForce RTX 3060, 1546 MiB, 12288 MiB, 17 %, 58
1, NVIDIA GeForce RTX 4090, 14131 MiB, 24564 MiB, 99 %, 81
0, NVIDIA GeForce RTX 3060, 1546 MiB, 12288 MiB, 18 %, 58
1, NVIDIA GeForce RTX 4090, 1529 MiB, 24564 MiB, 9 %, 67
0, NVIDIA GeForce RTX 3060, 1549 MiB, 12288 MiB, 19 %, 58
1, NVIDIA GeForce RTX 4090, 4089 MiB, 24564 MiB, 86 %, 64
0, NVIDIA GeForce RTX 3060, 1549 MiB, 12288 MiB, 16 %, 58
1, NVIDIA GeForce RTX 4090, 12357 MiB, 24564 MiB, 26 %, 64
0, NVIDIA GeForce RTX 3060, 1551 MiB, 12288 MiB, 17 %, 58
1, NVIDIA GeForce RTX 4090, 12357 MiB, 24564 MiB, 99 %, 75
0, NVIDIA GeForce RTX 3060, 1551 MiB, 12288 MiB, 16 %, 58
1, NVIDIA GeForce RTX 4090, 12357 MiB, 24564 MiB, 97 %, 77
0, NVIDIA GeForce RTX 3060, 1551 MiB, 12288 MiB, 16 %, 58
1, NVIDIA GeForce RTX 4090, 12357 MiB, 24564 MiB, 12 %, 66
0, NVIDIA GeForce RTX 3060, 1553 MiB, 12288 MiB, 16 %, 58
1, NVIDIA GeForce RTX 4090, 12357 MiB, 24564 MiB, 97 %, 77
0, NVIDIA GeForce RTX 3060, 1553 MiB, 12288 MiB, 18 %, 58
1, NVIDIA GeForce RTX 4090, 12357 MiB, 24564 MiB, 98 %, 76
0, NVIDIA GeForce RTX 3060, 1547 MiB, 12288 MiB, 22 %, 58
1, NVIDIA GeForce RTX 4090, 12357 MiB, 24564 MiB, 97 %, 77
0, NVIDIA GeForce RTX 3060, 1547 MiB, 12288 MiB, 19 %, 58
1, NVIDIA GeForce RTX 4090, 12357 MiB, 24564 MiB, 98 %, 76
0, NVIDIA GeForce RTX 3060, 1543 MiB, 12288 MiB, 19 %, 58
1, NVIDIA GeForce RTX 4090, 12357 MiB, 24564 MiB, 98 %, 78
0, NVIDIA GeForce RTX 3060, 1549 MiB, 12288 MiB, 18 %, 58
1, NVIDIA GeForce RTX 4090, 12357 MiB, 24564 MiB, 97 %, 77
0, NVIDIA GeForce RTX 3060, 1549 MiB, 12288 MiB, 18 %, 58
1, NVIDIA GeForce RTX 4090, 12357 MiB, 24564 MiB, 99 %, 76
0, NVIDIA GeForce RTX 3060, 1551 MiB, 12288 MiB, 17 %, 58
1, NVIDIA GeForce RTX 4090, 4693 MiB, 24564 MiB, 98 %, 75
0, NVIDIA GeForce RTX 3060, 1551 MiB, 12288 MiB, 14 %, 58
1, NVIDIA GeForce RTX 4090, 12357 MiB, 24564 MiB, 97 %, 77
0, NVIDIA GeForce RTX 3060, 1569 MiB, 12288 MiB, 15 %, 58
1, NVIDIA GeForce RTX 4090, 12357 MiB, 24564 MiB, 98 %, 77
0, NVIDIA GeForce RTX 3060, 1560 MiB, 12288 MiB, 19 %, 58
1, NVIDIA GeForce RTX 4090, 8439 MiB, 24564 MiB, 54 %, 68
0, NVIDIA GeForce RTX 3060, 1565 MiB, 12288 MiB, 14 %, 58
1, NVIDIA GeForce RTX 4090, 12357 MiB, 24564 MiB, 98 %, 75
0, NVIDIA GeForce RTX 3060, 1558 MiB, 12288 MiB, 14 %, 58
1, NVIDIA GeForce RTX 4090, 12357 MiB, 24564 MiB, 96 %, 76
0, NVIDIA GeForce RTX 3060, 1554 MiB, 12288 MiB, 14 %, 58
1, NVIDIA GeForce RTX 4090, 9473 MiB, 24564 MiB, 4 %, 67
0, NVIDIA GeForce RTX 3060, 1542 MiB, 12288 MiB, 16 %, 58
1, NVIDIA GeForce RTX 4090, 12357 MiB, 24564 MiB, 97 %, 76
0, NVIDIA GeForce RTX 3060, 1551 MiB, 12288 MiB, 16 %, 58
1, NVIDIA GeForce RTX 4090, 12357 MiB, 24564 MiB, 98 %, 75
0, NVIDIA GeForce RTX 3060, 1551 MiB, 12288 MiB, 14 %, 58
1, NVIDIA GeForce RTX 4090, 11153 MiB, 24564 MiB, 3 %, 67
0, NVIDIA GeForce RTX 3060, 1547 MiB, 12288 MiB, 15 %, 58
1, NVIDIA GeForce RTX 4090, 12357 MiB, 24564 MiB, 97 %, 78
0, NVIDIA GeForce RTX 3060, 1547 MiB, 12288 MiB, 14 %, 58
1, NVIDIA GeForce RTX 4090, 12357 MiB, 24564 MiB, 98 %, 76
0, NVIDIA GeForce RTX 3060, 1547 MiB, 12288 MiB, 15 %, 58
1, NVIDIA GeForce RTX 4090, 12357 MiB, 24564 MiB, 62 %, 68
0, NVIDIA GeForce RTX 3060, 1551 MiB, 12288 MiB, 18 %, 58
1, NVIDIA GeForce RTX 4090, 12357 MiB, 24564 MiB, 98 %, 77
0, NVIDIA GeForce RTX 3060, 1551 MiB, 12288 MiB, 15 %, 58
1, NVIDIA GeForce RTX 4090, 12357 MiB, 24564 MiB, 97 %, 79
0, NVIDIA GeForce RTX 3060, 1547 MiB, 12288 MiB, 18 %, 58
1, NVIDIA GeForce RTX 4090, 12357 MiB, 24564 MiB, 72 %, 67
0, NVIDIA GeForce RTX 3060, 1543 MiB, 12288 MiB, 18 %, 58
1, NVIDIA GeForce RTX 4090, 12357 MiB, 24564 MiB, 98 %, 76
0, NVIDIA GeForce RTX 3060, 1543 MiB, 12288 MiB, 18 %, 58
1, NVIDIA GeForce RTX 4090, 12357 MiB, 24564 MiB, 97 %, 78
0, NVIDIA GeForce RTX 3060, 1548 MiB, 12288 MiB, 16 %, 58
1, NVIDIA GeForce RTX 4090, 12357 MiB, 24564 MiB, 81 %, 71
0, NVIDIA GeForce RTX 3060, 1548 MiB, 12288 MiB, 15 %, 58
1, NVIDIA GeForce RTX 4090, 12357 MiB, 24564 MiB, 98 %, 75
0, NVIDIA GeForce RTX 3060, 1557 MiB, 12288 MiB, 14 %, 58
1, NVIDIA GeForce RTX 4090, 12357 MiB, 24564 MiB, 98 %, 77
0, NVIDIA GeForce RTX 3060, 1557 MiB, 12288 MiB, 14 %, 58
1, NVIDIA GeForce RTX 4090, 12357 MiB, 24564 MiB, 84 %, 73
0, NVIDIA GeForce RTX 3060, 1560 MiB, 12288 MiB, 14 %, 58
1, NVIDIA GeForce RTX 4090, 12357 MiB, 24564 MiB, 98 %, 76
0, NVIDIA GeForce RTX 3060, 1560 MiB, 12288 MiB, 20 %, 58
1, NVIDIA GeForce RTX 4090, 4593 MiB, 24564 MiB, 99 %, 76
0, NVIDIA GeForce RTX 3060, 1556 MiB, 12288 MiB, 14 %, 58
1, NVIDIA GeForce RTX 4090, 12357 MiB, 24564 MiB, 95 %, 76
0, NVIDIA GeForce RTX 3060, 1556 MiB, 12288 MiB, 14 %, 58
1, NVIDIA GeForce RTX 4090, 12357 MiB, 24564 MiB, 99 %, 76
0, NVIDIA GeForce RTX 3060, 1555 MiB, 12288 MiB, 14 %, 58
1, NVIDIA GeForce RTX 4090, 5475 MiB, 24564 MiB, 94 %, 78
0, NVIDIA GeForce RTX 3060, 1555 MiB, 12288 MiB, 13 %, 58
1, NVIDIA GeForce RTX 4090, 12357 MiB, 24564 MiB, 98 %, 78
0, NVIDIA GeForce RTX 3060, 1556 MiB, 12288 MiB, 14 %, 58
1, NVIDIA GeForce RTX 4090, 12357 MiB, 24564 MiB, 95 %, 77
0, NVIDIA GeForce RTX 3060, 1563 MiB, 12288 MiB, 22 %, 58
1, NVIDIA GeForce RTX 4090, 9039 MiB, 24564 MiB, 17 %, 67
0, NVIDIA GeForce RTX 3060, 1563 MiB, 12288 MiB, 16 %, 58
1, NVIDIA GeForce RTX 4090, 12357 MiB, 24564 MiB, 95 %, 77
0, NVIDIA GeForce RTX 3060, 1557 MiB, 12288 MiB, 15 %, 58
1, NVIDIA GeForce RTX 4090, 12357 MiB, 24564 MiB, 97 %, 78
0, NVIDIA GeForce RTX 3060, 1557 MiB, 12288 MiB, 15 %, 58
1, NVIDIA GeForce RTX 4090, 10913 MiB, 24564 MiB, 56 %, 69
0, NVIDIA GeForce RTX 3060, 1547 MiB, 12288 MiB, 13 %, 58
1, NVIDIA GeForce RTX 4090, 12357 MiB, 24564 MiB, 97 %, 76
0, NVIDIA GeForce RTX 3060, 1542 MiB, 12288 MiB, 19 %, 58
1, NVIDIA GeForce RTX 4090, 12357 MiB, 24564 MiB, 98 %, 77
0, NVIDIA GeForce RTX 3060, 1546 MiB, 12288 MiB, 23 %, 58
1, NVIDIA GeForce RTX 4090, 11153 MiB, 24564 MiB, 57 %, 68
0, NVIDIA GeForce RTX 3060, 1547 MiB, 12288 MiB, 22 %, 58
1, NVIDIA GeForce RTX 4090, 12357 MiB, 24564 MiB, 96 %, 78
0, NVIDIA GeForce RTX 3060, 1547 MiB, 12288 MiB, 21 %, 58
1, NVIDIA GeForce RTX 4090, 12357 MiB, 24564 MiB, 98 %, 76
0, NVIDIA GeForce RTX 3060, 1553 MiB, 12288 MiB, 22 %, 58
1, NVIDIA GeForce RTX 4090, 12357 MiB, 24564 MiB, 75 %, 67
0, NVIDIA GeForce RTX 3060, 1557 MiB, 12288 MiB, 19 %, 58
1, NVIDIA GeForce RTX 4090, 12357 MiB, 24564 MiB, 97 %, 77
0, NVIDIA GeForce RTX 3060, 1557 MiB, 12288 MiB, 33 %, 58
1, NVIDIA GeForce RTX 4090, 12357 MiB, 24564 MiB, 98 %, 77
0, NVIDIA GeForce RTX 3060, 1563 MiB, 12288 MiB, 20 %, 58
1, NVIDIA GeForce RTX 4090, 12357 MiB, 24564 MiB, 83 %, 73
0, NVIDIA GeForce RTX 3060, 1563 MiB, 12288 MiB, 20 %, 58
1, NVIDIA GeForce RTX 4090, 12357 MiB, 24564 MiB, 98 %, 77
0, NVIDIA GeForce RTX 3060, 1559 MiB, 12288 MiB, 19 %, 58
1, NVIDIA GeForce RTX 4090, 12357 MiB, 24564 MiB, 95 %, 76
0, NVIDIA GeForce RTX 3060, 1552 MiB, 12288 MiB, 15 %, 58
1, NVIDIA GeForce RTX 4090, 12357 MiB, 24564 MiB, 77 %, 70
0, NVIDIA GeForce RTX 3060, 1552 MiB, 12288 MiB, 16 %, 58
1, NVIDIA GeForce RTX 4090, 12357 MiB, 24564 MiB, 94 %, 76
0, NVIDIA GeForce RTX 3060, 1564 MiB, 12288 MiB, 17 %, 58
1, NVIDIA GeForce RTX 4090, 12357 MiB, 24564 MiB, 98 %, 77
0, NVIDIA GeForce RTX 3060, 1568 MiB, 12288 MiB, 20 %, 58
1, NVIDIA GeForce RTX 4090, 8477 MiB, 24564 MiB, 98 %, 76
0, NVIDIA GeForce RTX 3060, 1568 MiB, 12288 MiB, 18 %, 58
1, NVIDIA GeForce RTX 4090, 8477 MiB, 24564 MiB, 72 %, 78
0, NVIDIA GeForce RTX 3060, 1573 MiB, 12288 MiB, 15 %, 58
1, NVIDIA GeForce RTX 4090, 8477 MiB, 24564 MiB, 86 %, 64
0, NVIDIA GeForce RTX 3060, 1581 MiB, 12288 MiB, 20 %, 58
1, NVIDIA GeForce RTX 4090, 8961 MiB, 24564 MiB, 100 %, 78
0, NVIDIA GeForce RTX 3060, 1581 MiB, 12288 MiB, 22 %, 58
1, NVIDIA GeForce RTX 4090, 8961 MiB, 24564 MiB, 100 %, 81
0, NVIDIA GeForce RTX 3060, 1573 MiB, 12288 MiB, 18 %, 58
1, NVIDIA GeForce RTX 4090, 9141 MiB, 24564 MiB, 100 %, 79
0, NVIDIA GeForce RTX 3060, 1568 MiB, 12288 MiB, 18 %, 58
1, NVIDIA GeForce RTX 4090, 9141 MiB, 24564 MiB, 100 %, 81
0, NVIDIA GeForce RTX 3060, 1568 MiB, 12288 MiB, 20 %, 58
1, NVIDIA GeForce RTX 4090, 9141 MiB, 24564 MiB, 100 %, 82
0, NVIDIA GeForce RTX 3060, 1563 MiB, 12288 MiB, 23 %, 58
1, NVIDIA GeForce RTX 4090, 9141 MiB, 24564 MiB, 100 %, 81
0, NVIDIA GeForce RTX 3060, 1563 MiB, 12288 MiB, 18 %, 58
1, NVIDIA GeForce RTX 4090, 9141 MiB, 24564 MiB, 100 %, 83
0, NVIDIA GeForce RTX 3060, 1568 MiB, 12288 MiB, 17 %, 58
1, NVIDIA GeForce RTX 4090, 9321 MiB, 24564 MiB, 100 %, 81
0, NVIDIA GeForce RTX 3060, 1552 MiB, 12288 MiB, 19 %, 58
1, NVIDIA GeForce RTX 4090, 9321 MiB, 24564 MiB, 100 %, 83
0, NVIDIA GeForce RTX 3060, 1555 MiB, 12288 MiB, 18 %, 58
1, NVIDIA GeForce RTX 4090, 9321 MiB, 24564 MiB, 100 %, 83
0, NVIDIA GeForce RTX 3060, 1550 MiB, 12288 MiB, 23 %, 58
1, NVIDIA GeForce RTX 4090, 9321 MiB, 24564 MiB, 100 %, 81
0, NVIDIA GeForce RTX 3060, 1550 MiB, 12288 MiB, 16 %, 58
1, NVIDIA GeForce RTX 4090, 24000 MiB, 24564 MiB, 30 %, 68
0, NVIDIA GeForce RTX 3060, 1554 MiB, 12288 MiB, 17 %, 58
1, NVIDIA GeForce RTX 4090, 24000 MiB, 24564 MiB, 100 %, 79
0, NVIDIA GeForce RTX 3060, 1552 MiB, 12288 MiB, 34 %, 58
1, NVIDIA GeForce RTX 4090, 24000 MiB, 24564 MiB, 100 %, 82
0, NVIDIA GeForce RTX 3060, 1551 MiB, 12288 MiB, 19 %, 58
1, NVIDIA GeForce RTX 4090, 24000 MiB, 24564 MiB, 100 %, 80
0, NVIDIA GeForce RTX 3060, 1551 MiB, 12288 MiB, 18 %, 58
1, NVIDIA GeForce RTX 4090, 24000 MiB, 24564 MiB, 100 %, 83
0, NVIDIA GeForce RTX 3060, 1551 MiB, 12288 MiB, 21 %, 58
1, NVIDIA GeForce RTX 4090, 24000 MiB, 24564 MiB, 100 %, 82
0, NVIDIA GeForce RTX 3060, 1555 MiB, 12288 MiB, 20 %, 58
1, NVIDIA GeForce RTX 4090, 24000 MiB, 24564 MiB, 100 %, 83
0, NVIDIA GeForce RTX 3060, 1553 MiB, 12288 MiB, 21 %, 58
1, NVIDIA GeForce RTX 4090, 24000 MiB, 24564 MiB, 100 %, 83
0, NVIDIA GeForce RTX 3060, 1549 MiB, 12288 MiB, 20 %, 58
1, NVIDIA GeForce RTX 4090, 24000 MiB, 24564 MiB, 100 %, 84
0, NVIDIA GeForce RTX 3060, 1549 MiB, 12288 MiB, 15 %, 58
1, NVIDIA GeForce RTX 4090, 23996 MiB, 24564 MiB, 67 %, 69
0, NVIDIA GeForce RTX 3060, 1549 MiB, 12288 MiB, 20 %, 58
1, NVIDIA GeForce RTX 4090, 23996 MiB, 24564 MiB, 100 %, 79
0, NVIDIA GeForce RTX 3060, 1572 MiB, 12288 MiB, 33 %, 58
1, NVIDIA GeForce RTX 4090, 23996 MiB, 24564 MiB, 100 %, 83
0, NVIDIA GeForce RTX 3060, 1571 MiB, 12288 MiB, 21 %, 58
1, NVIDIA GeForce RTX 4090, 23996 MiB, 24564 MiB, 100 %, 78
0, NVIDIA GeForce RTX 3060, 1563 MiB, 12288 MiB, 20 %, 58
1, NVIDIA GeForce RTX 4090, 23996 MiB, 24564 MiB, 100 %, 82
0, NVIDIA GeForce RTX 3060, 1563 MiB, 12288 MiB, 21 %, 58
1, NVIDIA GeForce RTX 4090, 23996 MiB, 24564 MiB, 100 %, 81
0, NVIDIA GeForce RTX 3060, 1563 MiB, 12288 MiB, 24 %, 58
1, NVIDIA GeForce RTX 4090, 23996 MiB, 24564 MiB, 100 %, 81
0, NVIDIA GeForce RTX 3060, 1549 MiB, 12288 MiB, 23 %, 58
1, NVIDIA GeForce RTX 4090, 23996 MiB, 24564 MiB, 100 %, 83
0, NVIDIA GeForce RTX 3060, 1549 MiB, 12288 MiB, 24 %, 58
1, NVIDIA GeForce RTX 4090, 23996 MiB, 24564 MiB, 100 %, 79
0, NVIDIA GeForce RTX 3060, 1552 MiB, 12288 MiB, 19 %, 58
1, NVIDIA GeForce RTX 4090, 23996 MiB, 24564 MiB, 100 %, 83
0, NVIDIA GeForce RTX 3060, 1550 MiB, 12288 MiB, 23 %, 58
1, NVIDIA GeForce RTX 4090, 23996 MiB, 24564 MiB, 100 %, 79
0, NVIDIA GeForce RTX 3060, 1550 MiB, 12288 MiB, 22 %, 58
1, NVIDIA GeForce RTX 4090, 23996 MiB, 24564 MiB, 100 %, 81
0, NVIDIA GeForce RTX 3060, 1548 MiB, 12288 MiB, 21 %, 58
1, NVIDIA GeForce RTX 4090, 23996 MiB, 24564 MiB, 100 %, 80
0, NVIDIA GeForce RTX 3060, 1547 MiB, 12288 MiB, 20 %, 58
1, NVIDIA GeForce RTX 4090, 23996 MiB, 24564 MiB, 100 %, 81
0, NVIDIA GeForce RTX 3060, 1542 MiB, 12288 MiB, 20 %, 58
1, NVIDIA GeForce RTX 4090, 23996 MiB, 24564 MiB, 100 %, 84
0, NVIDIA GeForce RTX 3060, 1543 MiB, 12288 MiB, 18 %, 58
1, NVIDIA GeForce RTX 4090, 23996 MiB, 24564 MiB, 100 %, 80
0, NVIDIA GeForce RTX 3060, 1547 MiB, 12288 MiB, 17 %, 58
1, NVIDIA GeForce RTX 4090, 23996 MiB, 24564 MiB, 100 %, 84
0, NVIDIA GeForce RTX 3060, 1547 MiB, 12288 MiB, 19 %, 58
1, NVIDIA GeForce RTX 4090, 23996 MiB, 24564 MiB, 100 %, 83
0, NVIDIA GeForce RTX 3060, 1542 MiB, 12288 MiB, 20 %, 58
1, NVIDIA GeForce RTX 4090, 23996 MiB, 24564 MiB, 100 %, 82
0, NVIDIA GeForce RTX 3060, 1542 MiB, 12288 MiB, 15 %, 58
1, NVIDIA GeForce RTX 4090, 23996 MiB, 24564 MiB, 100 %, 81
0, NVIDIA GeForce RTX 3060, 1542 MiB, 12288 MiB, 17 %, 58
1, NVIDIA GeForce RTX 4090, 23996 MiB, 24564 MiB, 100 %, 82
0, NVIDIA GeForce RTX 3060, 1542 MiB, 12288 MiB, 21 %, 58
1, NVIDIA GeForce RTX 4090, 24000 MiB, 24564 MiB, 100 %, 84
0, NVIDIA GeForce RTX 3060, 1542 MiB, 12288 MiB, 15 %, 58
1, NVIDIA GeForce RTX 4090, 24000 MiB, 24564 MiB, 100 %, 83
0, NVIDIA GeForce RTX 3060, 1548 MiB, 12288 MiB, 14 %, 58
1, NVIDIA GeForce RTX 4090, 24000 MiB, 24564 MiB, 100 %, 81
0, NVIDIA GeForce RTX 3060, 1558 MiB, 12288 MiB, 15 %, 58
1, NVIDIA GeForce RTX 4090, 24000 MiB, 24564 MiB, 100 %, 83
0, NVIDIA GeForce RTX 3060, 1559 MiB, 12288 MiB, 20 %, 58
1, NVIDIA GeForce RTX 4090, 24000 MiB, 24564 MiB, 100 %, 79
0, NVIDIA GeForce RTX 3060, 1559 MiB, 12288 MiB, 17 %, 58
1, NVIDIA GeForce RTX 4090, 24000 MiB, 24564 MiB, 100 %, 81
0, NVIDIA GeForce RTX 3060, 1568 MiB, 12288 MiB, 30 %, 59
1, NVIDIA GeForce RTX 4090, 24000 MiB, 24564 MiB, 100 %, 81
0, NVIDIA GeForce RTX 3060, 1558 MiB, 12288 MiB, 17 %, 58
1, NVIDIA GeForce RTX 4090, 24000 MiB, 24564 MiB, 100 %, 81
0, NVIDIA GeForce RTX 3060, 1554 MiB, 12288 MiB, 20 %, 58
1, NVIDIA GeForce RTX 4090, 24000 MiB, 24564 MiB, 100 %, 82
0, NVIDIA GeForce RTX 3060, 1554 MiB, 12288 MiB, 16 %, 58
1, NVIDIA GeForce RTX 4090, 24000 MiB, 24564 MiB, 100 %, 79
0, NVIDIA GeForce RTX 3060, 1554 MiB, 12288 MiB, 17 %, 58
1, NVIDIA GeForce RTX 4090, 24000 MiB, 24564 MiB, 100 %, 81
0, NVIDIA GeForce RTX 3060, 1553 MiB, 12288 MiB, 17 %, 58
1, NVIDIA GeForce RTX 4090, 24000 MiB, 24564 MiB, 100 %, 80
0, NVIDIA GeForce RTX 3060, 1557 MiB, 12288 MiB, 18 %, 58
1, NVIDIA GeForce RTX 4090, 24000 MiB, 24564 MiB, 100 %, 83
0, NVIDIA GeForce RTX 3060, 1552 MiB, 12288 MiB, 12 %, 59
1, NVIDIA GeForce RTX 4090, 24000 MiB, 24564 MiB, 100 %, 82
0, NVIDIA GeForce RTX 3060, 1543 MiB, 12288 MiB, 15 %, 58
1, NVIDIA GeForce RTX 4090, 24000 MiB, 24564 MiB, 100 %, 83
0, NVIDIA GeForce RTX 3060, 1543 MiB, 12288 MiB, 17 %, 59
1, NVIDIA GeForce RTX 4090, 24000 MiB, 24564 MiB, 100 %, 82
0, NVIDIA GeForce RTX 3060, 1543 MiB, 12288 MiB, 15 %, 59
1, NVIDIA GeForce RTX 4090, 24000 MiB, 24564 MiB, 100 %, 82
0, NVIDIA GeForce RTX 3060, 1543 MiB, 12288 MiB, 15 %, 58
1, NVIDIA GeForce RTX 4090, 24000 MiB, 24564 MiB, 100 %, 85
0, NVIDIA GeForce RTX 3060, 1543 MiB, 12288 MiB, 14 %, 59
1, NVIDIA GeForce RTX 4090, 24000 MiB, 24564 MiB, 100 %, 80
0, NVIDIA GeForce RTX 3060, 1542 MiB, 12288 MiB, 15 %, 58
1, NVIDIA GeForce RTX 4090, 24000 MiB, 24564 MiB, 100 %, 82
0, NVIDIA GeForce RTX 3060, 1546 MiB, 12288 MiB, 22 %, 58
1, NVIDIA GeForce RTX 4090, 24000 MiB, 24564 MiB, 100 %, 81
0, NVIDIA GeForce RTX 3060, 1546 MiB, 12288 MiB, 14 %, 58
1, NVIDIA GeForce RTX 4090, 24000 MiB, 24564 MiB, 100 %, 82
0, NVIDIA GeForce RTX 3060, 1542 MiB, 12288 MiB, 16 %, 58
1, NVIDIA GeForce RTX 4090, 24000 MiB, 24564 MiB, 100 %, 82
0, NVIDIA GeForce RTX 3060, 1542 MiB, 12288 MiB, 16 %, 58
1, NVIDIA GeForce RTX 4090, 24000 MiB, 24564 MiB, 100 %, 84
0, NVIDIA GeForce RTX 3060, 1542 MiB, 12288 MiB, 18 %, 58
1, NVIDIA GeForce RTX 4090, 24000 MiB, 24564 MiB, 100 %, 81
0, NVIDIA GeForce RTX 3060, 1542 MiB, 12288 MiB, 19 %, 59
1, NVIDIA GeForce RTX 4090, 24000 MiB, 24564 MiB, 100 %, 83
0, NVIDIA GeForce RTX 3060, 1552 MiB, 12288 MiB, 17 %, 58
1, NVIDIA GeForce RTX 4090, 24000 MiB, 24564 MiB, 100 %, 79
0, NVIDIA GeForce RTX 3060, 1552 MiB, 12288 MiB, 18 %, 58
1, NVIDIA GeForce RTX 4090, 24000 MiB, 24564 MiB, 100 %, 82
0, NVIDIA GeForce RTX 3060, 1547 MiB, 12288 MiB, 18 %, 58
1, NVIDIA GeForce RTX 4090, 24000 MiB, 24564 MiB, 100 %, 80
0, NVIDIA GeForce RTX 3060, 1547 MiB, 12288 MiB, 17 %, 58
1, NVIDIA GeForce RTX 4090, 24000 MiB, 24564 MiB, 100 %, 80
0, NVIDIA GeForce RTX 3060, 1547 MiB, 12288 MiB, 17 %, 59
1, NVIDIA GeForce RTX 4090, 24000 MiB, 24564 MiB, 100 %, 81
0, NVIDIA GeForce RTX 3060, 1552 MiB, 12288 MiB, 18 %, 58
1, NVIDIA GeForce RTX 4090, 24000 MiB, 24564 MiB, 100 %, 81
0, NVIDIA GeForce RTX 3060, 1546 MiB, 12288 MiB, 17 %, 58
1, NVIDIA GeForce RTX 4090, 24000 MiB, 24564 MiB, 100 %, 82
0, NVIDIA GeForce RTX 3060, 1546 MiB, 12288 MiB, 17 %, 59
1, NVIDIA GeForce RTX 4090, 24000 MiB, 24564 MiB, 100 %, 79
0, NVIDIA GeForce RTX 3060, 1546 MiB, 12288 MiB, 15 %, 59
1, NVIDIA GeForce RTX 4090, 24000 MiB, 24564 MiB, 100 %, 82
0, NVIDIA GeForce RTX 3060, 1546 MiB, 12288 MiB, 14 %, 58
1, NVIDIA GeForce RTX 4090, 24000 MiB, 24564 MiB, 100 %, 80
0, NVIDIA GeForce RTX 3060, 1546 MiB, 12288 MiB, 16 %, 59
1, NVIDIA GeForce RTX 4090, 24000 MiB, 24564 MiB, 100 %, 82
0, NVIDIA GeForce RTX 3060, 1546 MiB, 12288 MiB, 16 %, 59
1, NVIDIA GeForce RTX 4090, 24000 MiB, 24564 MiB, 100 %, 82
0, NVIDIA GeForce RTX 3060, 1546 MiB, 12288 MiB, 15 %, 58
1, NVIDIA GeForce RTX 4090, 24000 MiB, 24564 MiB, 100 %, 83
0, NVIDIA GeForce RTX 3060, 1542 MiB, 12288 MiB, 15 %, 59
1, NVIDIA GeForce RTX 4090, 24000 MiB, 24564 MiB, 100 %, 80
0, NVIDIA GeForce RTX 3060, 1542 MiB, 12288 MiB, 15 %, 59
1, NVIDIA GeForce RTX 4090, 24000 MiB, 24564 MiB, 100 %, 84
0, NVIDIA GeForce RTX 3060, 1542 MiB, 12288 MiB, 15 %, 58
1, NVIDIA GeForce RTX 4090, 24000 MiB, 24564 MiB, 100 %, 82
0, NVIDIA GeForce RTX 3060, 1542 MiB, 12288 MiB, 16 %, 58
1, NVIDIA GeForce RTX 4090, 24000 MiB, 24564 MiB, 100 %, 81
0, NVIDIA GeForce RTX 3060, 1542 MiB, 12288 MiB, 18 %, 59
1, NVIDIA GeForce RTX 4090, 24000 MiB, 24564 MiB, 100 %, 82
0, NVIDIA GeForce RTX 3060, 1542 MiB, 12288 MiB, 16 %, 59
1, NVIDIA GeForce RTX 4090, 24000 MiB, 24564 MiB, 100 %, 82
0, NVIDIA GeForce RTX 3060, 1544 MiB, 12288 MiB, 25 %, 58
1, NVIDIA GeForce RTX 4090, 24000 MiB, 24564 MiB, 100 %, 82
0, NVIDIA GeForce RTX 3060, 1549 MiB, 12288 MiB, 19 %, 59
1, NVIDIA GeForce RTX 4090, 24000 MiB, 24564 MiB, 100 %, 80
0, NVIDIA GeForce RTX 3060, 1554 MiB, 12288 MiB, 20 %, 59
1, NVIDIA GeForce RTX 4090, 24000 MiB, 24564 MiB, 100 %, 84
0, NVIDIA GeForce RTX 3060, 1554 MiB, 12288 MiB, 18 %, 58
1, NVIDIA GeForce RTX 4090, 24000 MiB, 24564 MiB, 100 %, 81
0, NVIDIA GeForce RTX 3060, 1562 MiB, 12288 MiB, 20 %, 59
1, NVIDIA GeForce RTX 4090, 24000 MiB, 24564 MiB, 100 %, 84
0, NVIDIA GeForce RTX 3060, 1562 MiB, 12288 MiB, 23 %, 59
1, NVIDIA GeForce RTX 4090, 24000 MiB, 24564 MiB, 100 %, 83
0, NVIDIA GeForce RTX 3060, 1554 MiB, 12288 MiB, 18 %, 58
1, NVIDIA GeForce RTX 4090, 24000 MiB, 24564 MiB, 100 %, 82
0, NVIDIA GeForce RTX 3060, 1549 MiB, 12288 MiB, 19 %, 59
1, NVIDIA GeForce RTX 4090, 24000 MiB, 24564 MiB, 100 %, 81
0, NVIDIA GeForce RTX 3060, 1549 MiB, 12288 MiB, 20 %, 59
1, NVIDIA GeForce RTX 4090, 24000 MiB, 24564 MiB, 100 %, 83
0, NVIDIA GeForce RTX 3060, 1544 MiB, 12288 MiB, 18 %, 59
1, NVIDIA GeForce RTX 4090, 24000 MiB, 24564 MiB, 100 %, 79
0, NVIDIA GeForce RTX 3060, 1567 MiB, 12288 MiB, 19 %, 58
1, NVIDIA GeForce RTX 4090, 24000 MiB, 24564 MiB, 100 %, 82
0, NVIDIA GeForce RTX 3060, 1572 MiB, 12288 MiB, 20 %, 59
1, NVIDIA GeForce RTX 4090, 24000 MiB, 24564 MiB, 100 %, 80
0, NVIDIA GeForce RTX 3060, 1572 MiB, 12288 MiB, 18 %, 59
1, NVIDIA GeForce RTX 4090, 24000 MiB, 24564 MiB, 100 %, 82
0, NVIDIA GeForce RTX 3060, 1558 MiB, 12288 MiB, 18 %, 58
1, NVIDIA GeForce RTX 4090, 24000 MiB, 24564 MiB, 100 %, 82
0, NVIDIA GeForce RTX 3060, 1558 MiB, 12288 MiB, 18 %, 59
1, NVIDIA GeForce RTX 4090, 24000 MiB, 24564 MiB, 100 %, 82
0, NVIDIA GeForce RTX 3060, 1558 MiB, 12288 MiB, 19 %, 59
1, NVIDIA GeForce RTX 4090, 24000 MiB, 24564 MiB, 100 %, 80
0, NVIDIA GeForce RTX 3060, 1562 MiB, 12288 MiB, 16 %, 58
1, NVIDIA GeForce RTX 4090, 24000 MiB, 24564 MiB, 100 %, 82
0, NVIDIA GeForce RTX 3060, 1565 MiB, 12288 MiB, 21 %, 59
1, NVIDIA GeForce RTX 4090, 24000 MiB, 24564 MiB, 100 %, 81
0, NVIDIA GeForce RTX 3060, 1565 MiB, 12288 MiB, 21 %, 59
1, NVIDIA GeForce RTX 4090, 24000 MiB, 24564 MiB, 100 %, 81
0, NVIDIA GeForce RTX 3060, 1562 MiB, 12288 MiB, 20 %, 59
1, NVIDIA GeForce RTX 4090, 24000 MiB, 24564 MiB, 100 %, 81
0, NVIDIA GeForce RTX 3060, 1562 MiB, 12288 MiB, 23 %, 59
1, NVIDIA GeForce RTX 4090, 24000 MiB, 24564 MiB, 100 %, 81
0, NVIDIA GeForce RTX 3060, 1562 MiB, 12288 MiB, 17 %, 59
1, NVIDIA GeForce RTX 4090, 24000 MiB, 24564 MiB, 100 %, 79
0, NVIDIA GeForce RTX 3060, 1558 MiB, 12288 MiB, 17 %, 59
1, NVIDIA GeForce RTX 4090, 24000 MiB, 24564 MiB, 100 %, 81
0, NVIDIA GeForce RTX 3060, 1558 MiB, 12288 MiB, 17 %, 59
1, NVIDIA GeForce RTX 4090, 24000 MiB, 24564 MiB, 100 %, 83
0, NVIDIA GeForce RTX 3060, 1558 MiB, 12288 MiB, 16 %, 58
1, NVIDIA GeForce RTX 4090, 24000 MiB, 24564 MiB, 100 %, 80
0, NVIDIA GeForce RTX 3060, 1558 MiB, 12288 MiB, 16 %, 59
1, NVIDIA GeForce RTX 4090, 24000 MiB, 24564 MiB, 100 %, 82
0, NVIDIA GeForce RTX 3060, 1553 MiB, 12288 MiB, 16 %, 59
1, NVIDIA GeForce RTX 4090, 24000 MiB, 24564 MiB, 100 %, 81
0, NVIDIA GeForce RTX 3060, 1548 MiB, 12288 MiB, 16 %, 59
1, NVIDIA GeForce RTX 4090, 24000 MiB, 24564 MiB, 100 %, 81
0, NVIDIA GeForce RTX 3060, 1544 MiB, 12288 MiB, 16 %, 59
1, NVIDIA GeForce RTX 4090, 24000 MiB, 24564 MiB, 100 %, 83
0, NVIDIA GeForce RTX 3060, 1544 MiB, 12288 MiB, 15 %, 59
1, NVIDIA GeForce RTX 4090, 24000 MiB, 24564 MiB, 100 %, 83
0, NVIDIA GeForce RTX 3060, 1549 MiB, 12288 MiB, 17 %, 59
1, NVIDIA GeForce RTX 4090, 24000 MiB, 24564 MiB, 100 %, 84
0, NVIDIA GeForce RTX 3060, 1549 MiB, 12288 MiB, 15 %, 59
1, NVIDIA GeForce RTX 4090, 24000 MiB, 24564 MiB, 100 %, 81
0, NVIDIA GeForce RTX 3060, 1549 MiB, 12288 MiB, 15 %, 59
1, NVIDIA GeForce RTX 4090, 24000 MiB, 24564 MiB, 100 %, 81
0, NVIDIA GeForce RTX 3060, 1549 MiB, 12288 MiB, 16 %, 59
1, NVIDIA GeForce RTX 4090, 24000 MiB, 24564 MiB, 100 %, 81
0, NVIDIA GeForce RTX 3060, 1549 MiB, 12288 MiB, 14 %, 59
1, NVIDIA GeForce RTX 4090, 24000 MiB, 24564 MiB, 100 %, 80
0, NVIDIA GeForce RTX 3060, 1549 MiB, 12288 MiB, 14 %, 59
1, NVIDIA GeForce RTX 4090, 24000 MiB, 24564 MiB, 100 %, 81
0, NVIDIA GeForce RTX 3060, 1549 MiB, 12288 MiB, 15 %, 59
1, NVIDIA GeForce RTX 4090, 24000 MiB, 24564 MiB, 100 %, 79
0, NVIDIA GeForce RTX 3060, 1544 MiB, 12288 MiB, 16 %, 59
1, NVIDIA GeForce RTX 4090, 24000 MiB, 24564 MiB, 100 %, 81
0, NVIDIA GeForce RTX 3060, 1544 MiB, 12288 MiB, 15 %, 59
1, NVIDIA GeForce RTX 4090, 24000 MiB, 24564 MiB, 100 %, 80
0, NVIDIA GeForce RTX 3060, 1544 MiB, 12288 MiB, 16 %, 59
1, NVIDIA GeForce RTX 4090, 24000 MiB, 24564 MiB, 100 %, 81
0, NVIDIA GeForce RTX 3060, 1544 MiB, 12288 MiB, 24 %, 58
1, NVIDIA GeForce RTX 4090, 24000 MiB, 24564 MiB, 100 %, 84
0, NVIDIA GeForce RTX 3060, 1549 MiB, 12288 MiB, 20 %, 59
1, NVIDIA GeForce RTX 4090, 24000 MiB, 24564 MiB, 100 %, 80
0, NVIDIA GeForce RTX 3060, 1551 MiB, 12288 MiB, 17 %, 59
1, NVIDIA GeForce RTX 4090, 24000 MiB, 24564 MiB, 100 %, 84
0, NVIDIA GeForce RTX 3060, 1551 MiB, 12288 MiB, 17 %, 59
1, NVIDIA GeForce RTX 4090, 24000 MiB, 24564 MiB, 100 %, 78
0, NVIDIA GeForce RTX 3060, 1551 MiB, 12288 MiB, 18 %, 59
1, NVIDIA GeForce RTX 4090, 24000 MiB, 24564 MiB, 100 %, 83
0, NVIDIA GeForce RTX 3060, 1551 MiB, 12288 MiB, 16 %, 59
1, NVIDIA GeForce RTX 4090, 24000 MiB, 24564 MiB, 100 %, 82
0, NVIDIA GeForce RTX 3060, 1549 MiB, 12288 MiB, 17 %, 59
1, NVIDIA GeForce RTX 4090, 24000 MiB, 24564 MiB, 100 %, 81
0, NVIDIA GeForce RTX 3060, 1543 MiB, 12288 MiB, 16 %, 59
1, NVIDIA GeForce RTX 4090, 24000 MiB, 24564 MiB, 100 %, 79
0, NVIDIA GeForce RTX 3060, 1543 MiB, 12288 MiB, 16 %, 59
1, NVIDIA GeForce RTX 4090, 24000 MiB, 24564 MiB, 100 %, 81
0, NVIDIA GeForce RTX 3060, 1543 MiB, 12288 MiB, 14 %, 59
1, NVIDIA GeForce RTX 4090, 24000 MiB, 24564 MiB, 100 %, 80
0, NVIDIA GeForce RTX 3060, 1549 MiB, 12288 MiB, 15 %, 59
1, NVIDIA GeForce RTX 4090, 24000 MiB, 24564 MiB, 100 %, 78
0, NVIDIA GeForce RTX 3060, 1553 MiB, 12288 MiB, 21 %, 59
1, NVIDIA GeForce RTX 4090, 24000 MiB, 24564 MiB, 100 %, 83
0, NVIDIA GeForce RTX 3060, 1555 MiB, 12288 MiB, 15 %, 59
1, NVIDIA GeForce RTX 4090, 24000 MiB, 24564 MiB, 100 %, 81
0, NVIDIA GeForce RTX 3060, 1551 MiB, 12288 MiB, 16 %, 59
1, NVIDIA GeForce RTX 4090, 24000 MiB, 24564 MiB, 100 %, 83
0, NVIDIA GeForce RTX 3060, 1551 MiB, 12288 MiB, 15 %, 59
1, NVIDIA GeForce RTX 4090, 24000 MiB, 24564 MiB, 100 %, 80
0, NVIDIA GeForce RTX 3060, 1549 MiB, 12288 MiB, 15 %, 59
1, NVIDIA GeForce RTX 4090, 24000 MiB, 24564 MiB, 100 %, 83
0, NVIDIA GeForce RTX 3060, 1544 MiB, 12288 MiB, 14 %, 59
1, NVIDIA GeForce RTX 4090, 24000 MiB, 24564 MiB, 100 %, 82
0, NVIDIA GeForce RTX 3060, 1544 MiB, 12288 MiB, 13 %, 59
1, NVIDIA GeForce RTX 4090, 24000 MiB, 24564 MiB, 100 %, 83
0, NVIDIA GeForce RTX 3060, 1544 MiB, 12288 MiB, 15 %, 59
1, NVIDIA GeForce RTX 4090, 24000 MiB, 24564 MiB, 100 %, 82
0, NVIDIA GeForce RTX 3060, 1544 MiB, 12288 MiB, 15 %, 59
1, NVIDIA GeForce RTX 4090, 24000 MiB, 24564 MiB, 100 %, 82
0, NVIDIA GeForce RTX 3060, 1553 MiB, 12288 MiB, 22 %, 59
1, NVIDIA GeForce RTX 4090, 24000 MiB, 24564 MiB, 100 %, 81
0, NVIDIA GeForce RTX 3060, 1553 MiB, 12288 MiB, 22 %, 59
1, NVIDIA GeForce RTX 4090, 24000 MiB, 24564 MiB, 100 %, 80
0, NVIDIA GeForce RTX 3060, 1551 MiB, 12288 MiB, 17 %, 59
1, NVIDIA GeForce RTX 4090, 24000 MiB, 24564 MiB, 100 %, 81
0, NVIDIA GeForce RTX 3060, 1551 MiB, 12288 MiB, 14 %, 59
1, NVIDIA GeForce RTX 4090, 24000 MiB, 24564 MiB, 100 %, 84
0, NVIDIA GeForce RTX 3060, 1551 MiB, 12288 MiB, 14 %, 59
1, NVIDIA GeForce RTX 4090, 24000 MiB, 24564 MiB, 100 %, 78
0, NVIDIA GeForce RTX 3060, 1549 MiB, 12288 MiB, 15 %, 59
1, NVIDIA GeForce RTX 4090, 24000 MiB, 24564 MiB, 100 %, 82
0, NVIDIA GeForce RTX 3060, 1549 MiB, 12288 MiB, 17 %, 59
1, NVIDIA GeForce RTX 4090, 24000 MiB, 24564 MiB, 100 %, 80
0, NVIDIA GeForce RTX 3060, 1543 MiB, 12288 MiB, 15 %, 59
1, NVIDIA GeForce RTX 4090, 24000 MiB, 24564 MiB, 100 %, 83
0, NVIDIA GeForce RTX 3060, 1544 MiB, 12288 MiB, 16 %, 59
1, NVIDIA GeForce RTX 4090, 24000 MiB, 24564 MiB, 100 %, 80
0, NVIDIA GeForce RTX 3060, 1544 MiB, 12288 MiB, 15 %, 59
1, NVIDIA GeForce RTX 4090, 24000 MiB, 24564 MiB, 100 %, 82
0, NVIDIA GeForce RTX 3060, 1549 MiB, 12288 MiB, 15 %, 59
1, NVIDIA GeForce RTX 4090, 24000 MiB, 24564 MiB, 100 %, 81
0, NVIDIA GeForce RTX 3060, 1549 MiB, 12288 MiB, 15 %, 59
1, NVIDIA GeForce RTX 4090, 24000 MiB, 24564 MiB, 100 %, 83
0, NVIDIA GeForce RTX 3060, 1551 MiB, 12288 MiB, 16 %, 59
1, NVIDIA GeForce RTX 4090, 24000 MiB, 24564 MiB, 100 %, 81
0, NVIDIA GeForce RTX 3060, 1551 MiB, 12288 MiB, 17 %, 59
1, NVIDIA GeForce RTX 4090, 24000 MiB, 24564 MiB, 100 %, 80
0, NVIDIA GeForce RTX 3060, 1551 MiB, 12288 MiB, 15 %, 59
1, NVIDIA GeForce RTX 4090, 24000 MiB, 24564 MiB, 100 %, 83
0, NVIDIA GeForce RTX 3060, 1549 MiB, 12288 MiB, 18 %, 59
1, NVIDIA GeForce RTX 4090, 24000 MiB, 24564 MiB, 100 %, 80
0, NVIDIA GeForce RTX 3060, 1549 MiB, 12288 MiB, 21 %, 59
1, NVIDIA GeForce RTX 4090, 24000 MiB, 24564 MiB, 100 %, 82
0, NVIDIA GeForce RTX 3060, 1543 MiB, 12288 MiB, 18 %, 59
1, NVIDIA GeForce RTX 4090, 24000 MiB, 24564 MiB, 100 %, 82
0, NVIDIA GeForce RTX 3060, 1543 MiB, 12288 MiB, 17 %, 59
1, NVIDIA GeForce RTX 4090, 24000 MiB, 24564 MiB, 100 %, 81
0, NVIDIA GeForce RTX 3060, 1543 MiB, 12288 MiB, 20 %, 59
1, NVIDIA GeForce RTX 4090, 24000 MiB, 24564 MiB, 100 %, 81
0, NVIDIA GeForce RTX 3060, 1549 MiB, 12288 MiB, 26 %, 59
1, NVIDIA GeForce RTX 4090, 24000 MiB, 24564 MiB, 100 %, 80
0, NVIDIA GeForce RTX 3060, 1551 MiB, 12288 MiB, 21 %, 59
1, NVIDIA GeForce RTX 4090, 24000 MiB, 24564 MiB, 100 %, 81
0, NVIDIA GeForce RTX 3060, 1551 MiB, 12288 MiB, 22 %, 59
1, NVIDIA GeForce RTX 4090, 24000 MiB, 24564 MiB, 100 %, 79
0, NVIDIA GeForce RTX 3060, 1551 MiB, 12288 MiB, 18 %, 59
1, NVIDIA GeForce RTX 4090, 24000 MiB, 24564 MiB, 100 %, 81
0, NVIDIA GeForce RTX 3060, 1551 MiB, 12288 MiB, 20 %, 59
1, NVIDIA GeForce RTX 4090, 24000 MiB, 24564 MiB, 100 %, 80
0, NVIDIA GeForce RTX 3060, 1549 MiB, 12288 MiB, 18 %, 59
1, NVIDIA GeForce RTX 4090, 24000 MiB, 24564 MiB, 100 %, 81
0, NVIDIA GeForce RTX 3060, 1549 MiB, 12288 MiB, 16 %, 59
1, NVIDIA GeForce RTX 4090, 24000 MiB, 24564 MiB, 100 %, 82
0, NVIDIA GeForce RTX 3060, 1566 MiB, 12288 MiB, 30 %, 59
1, NVIDIA GeForce RTX 4090, 24000 MiB, 24564 MiB, 100 %, 81
0, NVIDIA GeForce RTX 3060, 1559 MiB, 12288 MiB, 18 %, 59
1, NVIDIA GeForce RTX 4090, 24000 MiB, 24564 MiB, 100 %, 82
0, NVIDIA GeForce RTX 3060, 1555 MiB, 12288 MiB, 18 %, 59
1, NVIDIA GeForce RTX 4090, 24000 MiB, 24564 MiB, 100 %, 79
0, NVIDIA GeForce RTX 3060, 1559 MiB, 12288 MiB, 18 %, 59
1, NVIDIA GeForce RTX 4090, 24000 MiB, 24564 MiB, 100 %, 82
0, NVIDIA GeForce RTX 3060, 1559 MiB, 12288 MiB, 17 %, 59
1, NVIDIA GeForce RTX 4090, 24000 MiB, 24564 MiB, 100 %, 82
0, NVIDIA GeForce RTX 3060, 1549 MiB, 12288 MiB, 16 %, 59
1, NVIDIA GeForce RTX 4090, 24000 MiB, 24564 MiB, 100 %, 81
0, NVIDIA GeForce RTX 3060, 1549 MiB, 12288 MiB, 18 %, 59
1, NVIDIA GeForce RTX 4090, 24000 MiB, 24564 MiB, 100 %, 79
0, NVIDIA GeForce RTX 3060, 1549 MiB, 12288 MiB, 17 %, 59
1, NVIDIA GeForce RTX 4090, 24000 MiB, 24564 MiB, 100 %, 81
0, NVIDIA GeForce RTX 3060, 1547 MiB, 12288 MiB, 18 %, 59
1, NVIDIA GeForce RTX 4090, 24000 MiB, 24564 MiB, 100 %, 80
0, NVIDIA GeForce RTX 3060, 1551 MiB, 12288 MiB, 17 %, 59
1, NVIDIA GeForce RTX 4090, 24000 MiB, 24564 MiB, 100 %, 78
0, NVIDIA GeForce RTX 3060, 1546 MiB, 12288 MiB, 15 %, 59
1, NVIDIA GeForce RTX 4090, 24000 MiB, 24564 MiB, 100 %, 82
0, NVIDIA GeForce RTX 3060, 1542 MiB, 12288 MiB, 15 %, 59
1, NVIDIA GeForce RTX 4090, 24000 MiB, 24564 MiB, 100 %, 82
0, NVIDIA GeForce RTX 3060, 1542 MiB, 12288 MiB, 18 %, 59
1, NVIDIA GeForce RTX 4090, 24000 MiB, 24564 MiB, 100 %, 81
0, NVIDIA GeForce RTX 3060, 1547 MiB, 12288 MiB, 20 %, 59
1, NVIDIA GeForce RTX 4090, 24000 MiB, 24564 MiB, 100 %, 79
0, NVIDIA GeForce RTX 3060, 1549 MiB, 12288 MiB, 23 %, 59
1, NVIDIA GeForce RTX 4090, 24000 MiB, 24564 MiB, 100 %, 81
0, NVIDIA GeForce RTX 3060, 1549 MiB, 12288 MiB, 17 %, 59
1, NVIDIA GeForce RTX 4090, 24000 MiB, 24564 MiB, 100 %, 80
0, NVIDIA GeForce RTX 3060, 1549 MiB, 12288 MiB, 15 %, 59
1, NVIDIA GeForce RTX 4090, 24000 MiB, 24564 MiB, 100 %, 83
0, NVIDIA GeForce RTX 3060, 1549 MiB, 12288 MiB, 17 %, 59
1, NVIDIA GeForce RTX 4090, 24000 MiB, 24564 MiB, 100 %, 81
0, NVIDIA GeForce RTX 3060, 1547 MiB, 12288 MiB, 15 %, 59
1, NVIDIA GeForce RTX 4090, 24000 MiB, 24564 MiB, 100 %, 84
0, NVIDIA GeForce RTX 3060, 1542 MiB, 12288 MiB, 15 %, 59
1, NVIDIA GeForce RTX 4090, 24000 MiB, 24564 MiB, 100 %, 82
0, NVIDIA GeForce RTX 3060, 1548 MiB, 12288 MiB, 15 %, 59
1, NVIDIA GeForce RTX 4090, 24000 MiB, 24564 MiB, 100 %, 80
0, NVIDIA GeForce RTX 3060, 1548 MiB, 12288 MiB, 18 %, 59
1, NVIDIA GeForce RTX 4090, 24000 MiB, 24564 MiB, 100 %, 83
0, NVIDIA GeForce RTX 3060, 1548 MiB, 12288 MiB, 18 %, 59
1, NVIDIA GeForce RTX 4090, 24000 MiB, 24564 MiB, 100 %, 82
0, NVIDIA GeForce RTX 3060, 1552 MiB, 12288 MiB, 18 %, 59
1, NVIDIA GeForce RTX 4090, 24000 MiB, 24564 MiB, 100 %, 83
0, NVIDIA GeForce RTX 3060, 1554 MiB, 12288 MiB, 17 %, 59
1, NVIDIA GeForce RTX 4090, 24000 MiB, 24564 MiB, 100 %, 82
0, NVIDIA GeForce RTX 3060, 1554 MiB, 12288 MiB, 18 %, 59
1, NVIDIA GeForce RTX 4090, 24000 MiB, 24564 MiB, 100 %, 82
0, NVIDIA GeForce RTX 3060, 1549 MiB, 12288 MiB, 18 %, 59
1, NVIDIA GeForce RTX 4090, 24000 MiB, 24564 MiB, 100 %, 81
0, NVIDIA GeForce RTX 3060, 1553 MiB, 12288 MiB, 17 %, 59
1, NVIDIA GeForce RTX 4090, 24000 MiB, 24564 MiB, 100 %, 80
0, NVIDIA GeForce RTX 3060, 1551 MiB, 12288 MiB, 18 %, 59
1, NVIDIA GeForce RTX 4090, 24000 MiB, 24564 MiB, 100 %, 81
0, NVIDIA GeForce RTX 3060, 1547 MiB, 12288 MiB, 16 %, 59
1, NVIDIA GeForce RTX 4090, 24000 MiB, 24564 MiB, 100 %, 81
0, NVIDIA GeForce RTX 3060, 1542 MiB, 12288 MiB, 14 %, 59
1, NVIDIA GeForce RTX 4090, 24000 MiB, 24564 MiB, 100 %, 83
0, NVIDIA GeForce RTX 3060, 1542 MiB, 12288 MiB, 14 %, 59
1, NVIDIA GeForce RTX 4090, 24000 MiB, 24564 MiB, 100 %, 82
0, NVIDIA GeForce RTX 3060, 1542 MiB, 12288 MiB, 16 %, 59
1, NVIDIA GeForce RTX 4090, 24000 MiB, 24564 MiB, 100 %, 80
0, NVIDIA GeForce RTX 3060, 1547 MiB, 12288 MiB, 24 %, 59
1, NVIDIA GeForce RTX 4090, 24000 MiB, 24564 MiB, 100 %, 83
0, NVIDIA GeForce RTX 3060, 1553 MiB, 12288 MiB, 23 %, 59
1, NVIDIA GeForce RTX 4090, 24000 MiB, 24564 MiB, 100 %, 80
0, NVIDIA GeForce RTX 3060, 1553 MiB, 12288 MiB, 16 %, 59
1, NVIDIA GeForce RTX 4090, 24000 MiB, 24564 MiB, 100 %, 83
0, NVIDIA GeForce RTX 3060, 1549 MiB, 12288 MiB, 16 %, 59
1, NVIDIA GeForce RTX 4090, 24000 MiB, 24564 MiB, 100 %, 82
0, NVIDIA GeForce RTX 3060, 1549 MiB, 12288 MiB, 16 %, 59
1, NVIDIA GeForce RTX 4090, 24000 MiB, 24564 MiB, 100 %, 83
0, NVIDIA GeForce RTX 3060, 1547 MiB, 12288 MiB, 16 %, 59
1, NVIDIA GeForce RTX 4090, 24000 MiB, 24564 MiB, 100 %, 82
0, NVIDIA GeForce RTX 3060, 1542 MiB, 12288 MiB, 15 %, 59
1, NVIDIA GeForce RTX 4090, 24000 MiB, 24564 MiB, 100 %, 83
0, NVIDIA GeForce RTX 3060, 1542 MiB, 12288 MiB, 18 %, 59
1, NVIDIA GeForce RTX 4090, 24000 MiB, 24564 MiB, 100 %, 81
0, NVIDIA GeForce RTX 3060, 1542 MiB, 12288 MiB, 16 %, 59
1, NVIDIA GeForce RTX 4090, 24000 MiB, 24564 MiB, 100 %, 81
0, NVIDIA GeForce RTX 3060, 1542 MiB, 12288 MiB, 17 %, 59
1, NVIDIA GeForce RTX 4090, 24000 MiB, 24564 MiB, 100 %, 83
0, NVIDIA GeForce RTX 3060, 1542 MiB, 12288 MiB, 16 %, 59
1, NVIDIA GeForce RTX 4090, 24000 MiB, 24564 MiB, 100 %, 80
0, NVIDIA GeForce RTX 3060, 1542 MiB, 12288 MiB, 15 %, 59
1, NVIDIA GeForce RTX 4090, 24000 MiB, 24564 MiB, 100 %, 81
0, NVIDIA GeForce RTX 3060, 1542 MiB, 12288 MiB, 15 %, 59
1, NVIDIA GeForce RTX 4090, 24000 MiB, 24564 MiB, 100 %, 79
0, NVIDIA GeForce RTX 3060, 1542 MiB, 12288 MiB, 15 %, 59
1, NVIDIA GeForce RTX 4090, 24000 MiB, 24564 MiB, 100 %, 81
0, NVIDIA GeForce RTX 3060, 1542 MiB, 12288 MiB, 13 %, 59
1, NVIDIA GeForce RTX 4090, 24000 MiB, 24564 MiB, 100 %, 83
0, NVIDIA GeForce RTX 3060, 1542 MiB, 12288 MiB, 14 %, 59
1, NVIDIA GeForce RTX 4090, 24000 MiB, 24564 MiB, 100 %, 80
0, NVIDIA GeForce RTX 3060, 1542 MiB, 12288 MiB, 14 %, 59
1, NVIDIA GeForce RTX 4090, 24000 MiB, 24564 MiB, 100 %, 83
0, NVIDIA GeForce RTX 3060, 1547 MiB, 12288 MiB, 13 %, 59
1, NVIDIA GeForce RTX 4090, 24000 MiB, 24564 MiB, 100 %, 79
0, NVIDIA GeForce RTX 3060, 1549 MiB, 12288 MiB, 14 %, 59
1, NVIDIA GeForce RTX 4090, 24000 MiB, 24564 MiB, 100 %, 82
0, NVIDIA GeForce RTX 3060, 1549 MiB, 12288 MiB, 15 %, 59
1, NVIDIA GeForce RTX 4090, 24000 MiB, 24564 MiB, 100 %, 79
0, NVIDIA GeForce RTX 3060, 1549 MiB, 12288 MiB, 16 %, 59
1, NVIDIA GeForce RTX 4090, 24000 MiB, 24564 MiB, 100 %, 81
0, NVIDIA GeForce RTX 3060, 1549 MiB, 12288 MiB, 18 %, 59
1, NVIDIA GeForce RTX 4090, 24000 MiB, 24564 MiB, 100 %, 83
0, NVIDIA GeForce RTX 3060, 1547 MiB, 12288 MiB, 15 %, 59
1, NVIDIA GeForce RTX 4090, 24000 MiB, 24564 MiB, 100 %, 81
0, NVIDIA GeForce RTX 3060, 1547 MiB, 12288 MiB, 12 %, 59
1, NVIDIA GeForce RTX 4090, 24000 MiB, 24564 MiB, 100 %, 83
0, NVIDIA GeForce RTX 3060, 1542 MiB, 12288 MiB, 14 %, 59
1, NVIDIA GeForce RTX 4090, 24000 MiB, 24564 MiB, 100 %, 81
0, NVIDIA GeForce RTX 3060, 1542 MiB, 12288 MiB, 14 %, 59
1, NVIDIA GeForce RTX 4090, 24000 MiB, 24564 MiB, 100 %, 80
0, NVIDIA GeForce RTX 3060, 1542 MiB, 12288 MiB, 14 %, 59
1, NVIDIA GeForce RTX 4090, 24000 MiB, 24564 MiB, 100 %, 83
0, NVIDIA GeForce RTX 3060, 1542 MiB, 12288 MiB, 15 %, 59
1, NVIDIA GeForce RTX 4090, 24000 MiB, 24564 MiB, 100 %, 80
0, NVIDIA GeForce RTX 3060, 1542 MiB, 12288 MiB, 14 %, 59
1, NVIDIA GeForce RTX 4090, 24000 MiB, 24564 MiB, 100 %, 84
0, NVIDIA GeForce RTX 3060, 1544 MiB, 12288 MiB, 20 %, 59
1, NVIDIA GeForce RTX 4090, 24000 MiB, 24564 MiB, 100 %, 81
0, NVIDIA GeForce RTX 3060, 1549 MiB, 12288 MiB, 14 %, 59
1, NVIDIA GeForce RTX 4090, 24000 MiB, 24564 MiB, 100 %, 82
0, NVIDIA GeForce RTX 3060, 1551 MiB, 12288 MiB, 15 %, 59
1, NVIDIA GeForce RTX 4090, 24000 MiB, 24564 MiB, 100 %, 81
0, NVIDIA GeForce RTX 3060, 1551 MiB, 12288 MiB, 14 %, 59
1, NVIDIA GeForce RTX 4090, 24000 MiB, 24564 MiB, 100 %, 80
0, NVIDIA GeForce RTX 3060, 1551 MiB, 12288 MiB, 14 %, 59
1, NVIDIA GeForce RTX 4090, 24000 MiB, 24564 MiB, 100 %, 83
0, NVIDIA GeForce RTX 3060, 1551 MiB, 12288 MiB, 14 %, 59
1, NVIDIA GeForce RTX 4090, 24000 MiB, 24564 MiB, 100 %, 81
0, NVIDIA GeForce RTX 3060, 1567 MiB, 12288 MiB, 14 %, 59
1, NVIDIA GeForce RTX 4090, 24000 MiB, 24564 MiB, 100 %, 84
0, NVIDIA GeForce RTX 3060, 1562 MiB, 12288 MiB, 13 %, 59
1, NVIDIA GeForce RTX 4090, 24000 MiB, 24564 MiB, 100 %, 82
0, NVIDIA GeForce RTX 3060, 1558 MiB, 12288 MiB, 14 %, 59
1, NVIDIA GeForce RTX 4090, 24000 MiB, 24564 MiB, 100 %, 80
0, NVIDIA GeForce RTX 3060, 1559 MiB, 12288 MiB, 15 %, 59
1, NVIDIA GeForce RTX 4090, 24000 MiB, 24564 MiB, 100 %, 81
0, NVIDIA GeForce RTX 3060, 1559 MiB, 12288 MiB, 15 %, 59
1, NVIDIA GeForce RTX 4090, 24000 MiB, 24564 MiB, 100 %, 81
0, NVIDIA GeForce RTX 3060, 1559 MiB, 12288 MiB, 16 %, 59
1, NVIDIA GeForce RTX 4090, 24000 MiB, 24564 MiB, 100 %, 81
0, NVIDIA GeForce RTX 3060, 1548 MiB, 12288 MiB, 21 %, 59
1, NVIDIA GeForce RTX 4090, 24000 MiB, 24564 MiB, 100 %, 78
0, NVIDIA GeForce RTX 3060, 1548 MiB, 12288 MiB, 18 %, 59
1, NVIDIA GeForce RTX 4090, 24000 MiB, 24564 MiB, 100 %, 83
0, NVIDIA GeForce RTX 3060, 1548 MiB, 12288 MiB, 15 %, 59
1, NVIDIA GeForce RTX 4090, 24000 MiB, 24564 MiB, 100 %, 81
0, NVIDIA GeForce RTX 3060, 1548 MiB, 12288 MiB, 14 %, 59
1, NVIDIA GeForce RTX 4090, 24000 MiB, 24564 MiB, 100 %, 80
0, NVIDIA GeForce RTX 3060, 1548 MiB, 12288 MiB, 14 %, 59
1, NVIDIA GeForce RTX 4090, 24000 MiB, 24564 MiB, 100 %, 81
0, NVIDIA GeForce RTX 3060, 1543 MiB, 12288 MiB, 13 %, 59
1, NVIDIA GeForce RTX 4090, 24000 MiB, 24564 MiB, 100 %, 80
0, NVIDIA GeForce RTX 3060, 1543 MiB, 12288 MiB, 14 %, 59
1, NVIDIA GeForce RTX 4090, 24000 MiB, 24564 MiB, 100 %, 83
0, NVIDIA GeForce RTX 3060, 1543 MiB, 12288 MiB, 15 %, 59
1, NVIDIA GeForce RTX 4090, 24000 MiB, 24564 MiB, 100 %, 82
0, NVIDIA GeForce RTX 3060, 1543 MiB, 12288 MiB, 15 %, 59
1, NVIDIA GeForce RTX 4090, 24000 MiB, 24564 MiB, 100 %, 84
0, NVIDIA GeForce RTX 3060, 1543 MiB, 12288 MiB, 15 %, 59
1, NVIDIA GeForce RTX 4090, 24000 MiB, 24564 MiB, 100 %, 82
0, NVIDIA GeForce RTX 3060, 1543 MiB, 12288 MiB, 14 %, 59
1, NVIDIA GeForce RTX 4090, 24000 MiB, 24564 MiB, 100 %, 80
0, NVIDIA GeForce RTX 3060, 1543 MiB, 12288 MiB, 16 %, 59
1, NVIDIA GeForce RTX 4090, 24000 MiB, 24564 MiB, 100 %, 81
0, NVIDIA GeForce RTX 3060, 1543 MiB, 12288 MiB, 14 %, 59
1, NVIDIA GeForce RTX 4090, 24000 MiB, 24564 MiB, 100 %, 81
0, NVIDIA GeForce RTX 3060, 1543 MiB, 12288 MiB, 15 %, 59
1, NVIDIA GeForce RTX 4090, 24000 MiB, 24564 MiB, 100 %, 83
0, NVIDIA GeForce RTX 3060, 1543 MiB, 12288 MiB, 14 %, 59
1, NVIDIA GeForce RTX 4090, 24000 MiB, 24564 MiB, 100 %, 82
0, NVIDIA GeForce RTX 3060, 1543 MiB, 12288 MiB, 14 %, 59
1, NVIDIA GeForce RTX 4090, 24000 MiB, 24564 MiB, 100 %, 83
0, NVIDIA GeForce RTX 3060, 1543 MiB, 12288 MiB, 14 %, 59
1, NVIDIA GeForce RTX 4090, 24000 MiB, 24564 MiB, 100 %, 81
0, NVIDIA GeForce RTX 3060, 1543 MiB, 12288 MiB, 12 %, 59
1, NVIDIA GeForce RTX 4090, 24000 MiB, 24564 MiB, 100 %, 81
0, NVIDIA GeForce RTX 3060, 1543 MiB, 12288 MiB, 15 %, 59
1, NVIDIA GeForce RTX 4090, 24000 MiB, 24564 MiB, 100 %, 83
0, NVIDIA GeForce RTX 3060, 1548 MiB, 12288 MiB, 15 %, 59
1, NVIDIA GeForce RTX 4090, 24000 MiB, 24564 MiB, 100 %, 80
0, NVIDIA GeForce RTX 3060, 1564 MiB, 12288 MiB, 22 %, 59
1, NVIDIA GeForce RTX 4090, 24000 MiB, 24564 MiB, 100 %, 83
0, NVIDIA GeForce RTX 3060, 1564 MiB, 12288 MiB, 17 %, 59
1, NVIDIA GeForce RTX 4090, 24000 MiB, 24564 MiB, 100 %, 78
0, NVIDIA GeForce RTX 3060, 1564 MiB, 12288 MiB, 15 %, 59
1, NVIDIA GeForce RTX 4090, 24000 MiB, 24564 MiB, 100 %, 82
0, NVIDIA GeForce RTX 3060, 1564 MiB, 12288 MiB, 18 %, 59
1, NVIDIA GeForce RTX 4090, 24000 MiB, 24564 MiB, 100 %, 82
0, NVIDIA GeForce RTX 3060, 1564 MiB, 12288 MiB, 15 %, 59
1, NVIDIA GeForce RTX 4090, 24000 MiB, 24564 MiB, 100 %, 81
0, NVIDIA GeForce RTX 3060, 1551 MiB, 12288 MiB, 14 %, 59
1, NVIDIA GeForce RTX 4090, 24000 MiB, 24564 MiB, 100 %, 84
0, NVIDIA GeForce RTX 3060, 1549 MiB, 12288 MiB, 15 %, 59
1, NVIDIA GeForce RTX 4090, 24000 MiB, 24564 MiB, 100 %, 80
0, NVIDIA GeForce RTX 3060, 1542 MiB, 12288 MiB, 15 %, 59
1, NVIDIA GeForce RTX 4090, 24000 MiB, 24564 MiB, 100 %, 83
0, NVIDIA GeForce RTX 3060, 1543 MiB, 12288 MiB, 17 %, 59
1, NVIDIA GeForce RTX 4090, 24000 MiB, 24564 MiB, 100 %, 78
0, NVIDIA GeForce RTX 3060, 1543 MiB, 12288 MiB, 17 %, 59
1, NVIDIA GeForce RTX 4090, 24000 MiB, 24564 MiB, 100 %, 82
0, NVIDIA GeForce RTX 3060, 1543 MiB, 12288 MiB, 16 %, 59
1, NVIDIA GeForce RTX 4090, 24000 MiB, 24564 MiB, 100 %, 81
0, NVIDIA GeForce RTX 3060, 1543 MiB, 12288 MiB, 16 %, 59
1, NVIDIA GeForce RTX 4090, 24000 MiB, 24564 MiB, 100 %, 82
0, NVIDIA GeForce RTX 3060, 1543 MiB, 12288 MiB, 17 %, 59
1, NVIDIA GeForce RTX 4090, 24000 MiB, 24564 MiB, 100 %, 80
0, NVIDIA GeForce RTX 3060, 1543 MiB, 12288 MiB, 16 %, 59
1, NVIDIA GeForce RTX 4090, 24000 MiB, 24564 MiB, 100 %, 83
0, NVIDIA GeForce RTX 3060, 1543 MiB, 12288 MiB, 20 %, 59
1, NVIDIA GeForce RTX 4090, 24000 MiB, 24564 MiB, 100 %, 82
0, NVIDIA GeForce RTX 3060, 1543 MiB, 12288 MiB, 16 %, 59
1, NVIDIA GeForce RTX 4090, 24000 MiB, 24564 MiB, 100 %, 82
0, NVIDIA GeForce RTX 3060, 1548 MiB, 12288 MiB, 14 %, 59
1, NVIDIA GeForce RTX 4090, 24000 MiB, 24564 MiB, 100 %, 82
0, NVIDIA GeForce RTX 3060, 1550 MiB, 12288 MiB, 17 %, 59
1, NVIDIA GeForce RTX 4090, 24000 MiB, 24564 MiB, 100 %, 80
0, NVIDIA GeForce RTX 3060, 1550 MiB, 12288 MiB, 19 %, 59
1, NVIDIA GeForce RTX 4090, 24000 MiB, 24564 MiB, 100 %, 81
0, NVIDIA GeForce RTX 3060, 1551 MiB, 12288 MiB, 20 %, 59
1, NVIDIA GeForce RTX 4090, 24000 MiB, 24564 MiB, 100 %, 81
0, NVIDIA GeForce RTX 3060, 1551 MiB, 12288 MiB, 23 %, 59
1, NVIDIA GeForce RTX 4090, 24000 MiB, 24564 MiB, 100 %, 83
0, NVIDIA GeForce RTX 3060, 1560 MiB, 12288 MiB, 24 %, 59
1, NVIDIA GeForce RTX 4090, 24000 MiB, 24564 MiB, 100 %, 81
0, NVIDIA GeForce RTX 3060, 1558 MiB, 12288 MiB, 17 %, 59
1, NVIDIA GeForce RTX 4090, 24000 MiB, 24564 MiB, 100 %, 81
0, NVIDIA GeForce RTX 3060, 1558 MiB, 12288 MiB, 17 %, 59
1, NVIDIA GeForce RTX 4090, 24000 MiB, 24564 MiB, 100 %, 81
0, NVIDIA GeForce RTX 3060, 1558 MiB, 12288 MiB, 15 %, 59
1, NVIDIA GeForce RTX 4090, 24000 MiB, 24564 MiB, 100 %, 83
0, NVIDIA GeForce RTX 3060, 1553 MiB, 12288 MiB, 16 %, 59
1, NVIDIA GeForce RTX 4090, 24000 MiB, 24564 MiB, 100 %, 82
0, NVIDIA GeForce RTX 3060, 1553 MiB, 12288 MiB, 16 %, 59
1, NVIDIA GeForce RTX 4090, 24000 MiB, 24564 MiB, 100 %, 81
0, NVIDIA GeForce RTX 3060, 1547 MiB, 12288 MiB, 32 %, 59
1, NVIDIA GeForce RTX 4090, 24000 MiB, 24564 MiB, 100 %, 82
0, NVIDIA GeForce RTX 3060, 1547 MiB, 12288 MiB, 18 %, 59
1, NVIDIA GeForce RTX 4090, 24000 MiB, 24564 MiB, 100 %, 80
0, NVIDIA GeForce RTX 3060, 1540 MiB, 12288 MiB, 32 %, 59
1, NVIDIA GeForce RTX 4090, 24004 MiB, 24564 MiB, 100 %, 77
0, NVIDIA GeForce RTX 3060, 1546 MiB, 12288 MiB, 20 %, 59
1, NVIDIA GeForce RTX 4090, 24004 MiB, 24564 MiB, 100 %, 80
0, NVIDIA GeForce RTX 3060, 1546 MiB, 12288 MiB, 19 %, 59
1, NVIDIA GeForce RTX 4090, 24004 MiB, 24564 MiB, 100 %, 81
0, NVIDIA GeForce RTX 3060, 1546 MiB, 12288 MiB, 19 %, 59
1, NVIDIA GeForce RTX 4090, 24004 MiB, 24564 MiB, 100 %, 83
0, NVIDIA GeForce RTX 3060, 1546 MiB, 12288 MiB, 19 %, 59
1, NVIDIA GeForce RTX 4090, 24004 MiB, 24564 MiB, 100 %, 81
0, NVIDIA GeForce RTX 3060, 1536 MiB, 12288 MiB, 17 %, 59
1, NVIDIA GeForce RTX 4090, 24004 MiB, 24564 MiB, 100 %, 81
0, NVIDIA GeForce RTX 3060, 1536 MiB, 12288 MiB, 16 %, 59
1, NVIDIA GeForce RTX 4090, 24004 MiB, 24564 MiB, 100 %, 82
0, NVIDIA GeForce RTX 3060, 1531 MiB, 12288 MiB, 15 %, 59
1, NVIDIA GeForce RTX 4090, 24004 MiB, 24564 MiB, 100 %, 83
0, NVIDIA GeForce RTX 3060, 1531 MiB, 12288 MiB, 16 %, 59
1, NVIDIA GeForce RTX 4090, 24004 MiB, 24564 MiB, 100 %, 82
0, NVIDIA GeForce RTX 3060, 1531 MiB, 12288 MiB, 18 %, 59
1, NVIDIA GeForce RTX 4090, 24004 MiB, 24564 MiB, 100 %, 80
0, NVIDIA GeForce RTX 3060, 1531 MiB, 12288 MiB, 18 %, 59
1, NVIDIA GeForce RTX 4090, 24004 MiB, 24564 MiB, 100 %, 78
0, NVIDIA GeForce RTX 3060, 1531 MiB, 12288 MiB, 20 %, 59
1, NVIDIA GeForce RTX 4090, 24004 MiB, 24564 MiB, 100 %, 81
0, NVIDIA GeForce RTX 3060, 1531 MiB, 12288 MiB, 22 %, 59
1, NVIDIA GeForce RTX 4090, 24004 MiB, 24564 MiB, 100 %, 80
0, NVIDIA GeForce RTX 3060, 1531 MiB, 12288 MiB, 18 %, 59
1, NVIDIA GeForce RTX 4090, 24004 MiB, 24564 MiB, 100 %, 83
0, NVIDIA GeForce RTX 3060, 1531 MiB, 12288 MiB, 18 %, 59
1, NVIDIA GeForce RTX 4090, 24004 MiB, 24564 MiB, 100 %, 81
0, NVIDIA GeForce RTX 3060, 1531 MiB, 12288 MiB, 18 %, 59
1, NVIDIA GeForce RTX 4090, 24004 MiB, 24564 MiB, 100 %, 83
0, NVIDIA GeForce RTX 3060, 1531 MiB, 12288 MiB, 16 %, 59
1, NVIDIA GeForce RTX 4090, 24004 MiB, 24564 MiB, 100 %, 81
0, NVIDIA GeForce RTX 3060, 1531 MiB, 12288 MiB, 15 %, 59
1, NVIDIA GeForce RTX 4090, 24004 MiB, 24564 MiB, 100 %, 82
0, NVIDIA GeForce RTX 3060, 1531 MiB, 12288 MiB, 16 %, 59
1, NVIDIA GeForce RTX 4090, 24004 MiB, 24564 MiB, 100 %, 80
0, NVIDIA GeForce RTX 3060, 1531 MiB, 12288 MiB, 17 %, 59
1, NVIDIA GeForce RTX 4090, 24004 MiB, 24564 MiB, 100 %, 82
0, NVIDIA GeForce RTX 3060, 1531 MiB, 12288 MiB, 16 %, 59
1, NVIDIA GeForce RTX 4090, 24004 MiB, 24564 MiB, 100 %, 81
0, NVIDIA GeForce RTX 3060, 1531 MiB, 12288 MiB, 17 %, 59
1, NVIDIA GeForce RTX 4090, 24004 MiB, 24564 MiB, 100 %, 82
0, NVIDIA GeForce RTX 3060, 1531 MiB, 12288 MiB, 17 %, 59
1, NVIDIA GeForce RTX 4090, 24004 MiB, 24564 MiB, 100 %, 82
0, NVIDIA GeForce RTX 3060, 1531 MiB, 12288 MiB, 18 %, 59
1, NVIDIA GeForce RTX 4090, 24004 MiB, 24564 MiB, 100 %, 81
0, NVIDIA GeForce RTX 3060, 1531 MiB, 12288 MiB, 16 %, 58
1, NVIDIA GeForce RTX 4090, 24004 MiB, 24564 MiB, 100 %, 83
0, NVIDIA GeForce RTX 3060, 1531 MiB, 12288 MiB, 19 %, 59
1, NVIDIA GeForce RTX 4090, 24004 MiB, 24564 MiB, 100 %, 83
0, NVIDIA GeForce RTX 3060, 1531 MiB, 12288 MiB, 15 %, 59
1, NVIDIA GeForce RTX 4090, 24004 MiB, 24564 MiB, 100 %, 83
0, NVIDIA GeForce RTX 3060, 1531 MiB, 12288 MiB, 15 %, 58
1, NVIDIA GeForce RTX 4090, 24004 MiB, 24564 MiB, 100 %, 81
0, NVIDIA GeForce RTX 3060, 1531 MiB, 12288 MiB, 13 %, 59
1, NVIDIA GeForce RTX 4090, 24004 MiB, 24564 MiB, 100 %, 80
0, NVIDIA GeForce RTX 3060, 1531 MiB, 12288 MiB, 14 %, 59
1, NVIDIA GeForce RTX 4090, 24004 MiB, 24564 MiB, 100 %, 81
0, NVIDIA GeForce RTX 3060, 1531 MiB, 12288 MiB, 17 %, 59
1, NVIDIA GeForce RTX 4090, 24004 MiB, 24564 MiB, 100 %, 81
0, NVIDIA GeForce RTX 3060, 1531 MiB, 12288 MiB, 19 %, 59
1, NVIDIA GeForce RTX 4090, 24004 MiB, 24564 MiB, 100 %, 82
0, NVIDIA GeForce RTX 3060, 1531 MiB, 12288 MiB, 15 %, 59
1, NVIDIA GeForce RTX 4090, 24004 MiB, 24564 MiB, 100 %, 79
0, NVIDIA GeForce RTX 3060, 1531 MiB, 12288 MiB, 14 %, 59
1, NVIDIA GeForce RTX 4090, 24004 MiB, 24564 MiB, 100 %, 82
0, NVIDIA GeForce RTX 3060, 1531 MiB, 12288 MiB, 13 %, 59
1, NVIDIA GeForce RTX 4090, 24004 MiB, 24564 MiB, 100 %, 83
0, NVIDIA GeForce RTX 3060, 1531 MiB, 12288 MiB, 15 %, 58
1, NVIDIA GeForce RTX 4090, 24004 MiB, 24564 MiB, 100 %, 80
0, NVIDIA GeForce RTX 3060, 1531 MiB, 12288 MiB, 16 %, 59
1, NVIDIA GeForce RTX 4090, 24004 MiB, 24564 MiB, 100 %, 83
0, NVIDIA GeForce RTX 3060, 1540 MiB, 12288 MiB, 15 %, 59
1, NVIDIA GeForce RTX 4090, 24004 MiB, 24564 MiB, 100 %, 82
0, NVIDIA GeForce RTX 3060, 1540 MiB, 12288 MiB, 17 %, 59
1, NVIDIA GeForce RTX 4090, 24004 MiB, 24564 MiB, 100 %, 82
0, NVIDIA GeForce RTX 3060, 1539 MiB, 12288 MiB, 14 %, 59
1, NVIDIA GeForce RTX 4090, 24004 MiB, 24564 MiB, 100 %, 82
0, NVIDIA GeForce RTX 3060, 1539 MiB, 12288 MiB, 14 %, 59
1, NVIDIA GeForce RTX 4090, 24004 MiB, 24564 MiB, 100 %, 80
0, NVIDIA GeForce RTX 3060, 1539 MiB, 12288 MiB, 14 %, 59
1, NVIDIA GeForce RTX 4090, 24004 MiB, 24564 MiB, 100 %, 81
0, NVIDIA GeForce RTX 3060, 1532 MiB, 12288 MiB, 15 %, 59
1, NVIDIA GeForce RTX 4090, 24004 MiB, 24564 MiB, 100 %, 83
0, NVIDIA GeForce RTX 3060, 1532 MiB, 12288 MiB, 16 %, 59
1, NVIDIA GeForce RTX 4090, 24004 MiB, 24564 MiB, 100 %, 83
0, NVIDIA GeForce RTX 3060, 1532 MiB, 12288 MiB, 15 %, 59
1, NVIDIA GeForce RTX 4090, 24004 MiB, 24564 MiB, 100 %, 81
0, NVIDIA GeForce RTX 3060, 1532 MiB, 12288 MiB, 16 %, 58
1, NVIDIA GeForce RTX 4090, 24004 MiB, 24564 MiB, 100 %, 83
0, NVIDIA GeForce RTX 3060, 1532 MiB, 12288 MiB, 16 %, 59
1, NVIDIA GeForce RTX 4090, 24004 MiB, 24564 MiB, 100 %, 78
0, NVIDIA GeForce RTX 3060, 1536 MiB, 12288 MiB, 13 %, 59
1, NVIDIA GeForce RTX 4090, 24004 MiB, 24564 MiB, 100 %, 82
0, NVIDIA GeForce RTX 3060, 1536 MiB, 12288 MiB, 14 %, 59
1, NVIDIA GeForce RTX 4090, 24004 MiB, 24564 MiB, 100 %, 81
0, NVIDIA GeForce RTX 3060, 1536 MiB, 12288 MiB, 13 %, 59
1, NVIDIA GeForce RTX 4090, 24004 MiB, 24564 MiB, 100 %, 82
0, NVIDIA GeForce RTX 3060, 1536 MiB, 12288 MiB, 14 %, 59
1, NVIDIA GeForce RTX 4090, 24004 MiB, 24564 MiB, 100 %, 81
0, NVIDIA GeForce RTX 3060, 1535 MiB, 12288 MiB, 17 %, 59
1, NVIDIA GeForce RTX 4090, 24004 MiB, 24564 MiB, 100 %, 82
0, NVIDIA GeForce RTX 3060, 1535 MiB, 12288 MiB, 17 %, 59
1, NVIDIA GeForce RTX 4090, 24004 MiB, 24564 MiB, 100 %, 80
0, NVIDIA GeForce RTX 3060, 1530 MiB, 12288 MiB, 18 %, 59
1, NVIDIA GeForce RTX 4090, 24004 MiB, 24564 MiB, 100 %, 81
0, NVIDIA GeForce RTX 3060, 1530 MiB, 12288 MiB, 17 %, 59
1, NVIDIA GeForce RTX 4090, 24004 MiB, 24564 MiB, 100 %, 81
0, NVIDIA GeForce RTX 3060, 1530 MiB, 12288 MiB, 14 %, 58
1, NVIDIA GeForce RTX 4090, 24004 MiB, 24564 MiB, 100 %, 79
0, NVIDIA GeForce RTX 3060, 1530 MiB, 12288 MiB, 14 %, 59
1, NVIDIA GeForce RTX 4090, 24004 MiB, 24564 MiB, 100 %, 83
0, NVIDIA GeForce RTX 3060, 1530 MiB, 12288 MiB, 14 %, 59
1, NVIDIA GeForce RTX 4090, 24004 MiB, 24564 MiB, 100 %, 80
0, NVIDIA GeForce RTX 3060, 1530 MiB, 12288 MiB, 14 %, 59
1, NVIDIA GeForce RTX 4090, 24004 MiB, 24564 MiB, 100 %, 83
0, NVIDIA GeForce RTX 3060, 1530 MiB, 12288 MiB, 14 %, 59
1, NVIDIA GeForce RTX 4090, 24004 MiB, 24564 MiB, 100 %, 81
0, NVIDIA GeForce RTX 3060, 1534 MiB, 12288 MiB, 25 %, 59
1, NVIDIA GeForce RTX 4090, 24004 MiB, 24564 MiB, 100 %, 83
0, NVIDIA GeForce RTX 3060, 1534 MiB, 12288 MiB, 15 %, 59
1, NVIDIA GeForce RTX 4090, 24004 MiB, 24564 MiB, 100 %, 81
0, NVIDIA GeForce RTX 3060, 1530 MiB, 12288 MiB, 18 %, 59
1, NVIDIA GeForce RTX 4090, 24004 MiB, 24564 MiB, 100 %, 82
0, NVIDIA GeForce RTX 3060, 1530 MiB, 12288 MiB, 18 %, 59
1, NVIDIA GeForce RTX 4090, 24004 MiB, 24564 MiB, 100 %, 83
0, NVIDIA GeForce RTX 3060, 1530 MiB, 12288 MiB, 14 %, 59
1, NVIDIA GeForce RTX 4090, 24004 MiB, 24564 MiB, 100 %, 80
0, NVIDIA GeForce RTX 3060, 1530 MiB, 12288 MiB, 14 %, 59
1, NVIDIA GeForce RTX 4090, 24004 MiB, 24564 MiB, 100 %, 82
0, NVIDIA GeForce RTX 3060, 1530 MiB, 12288 MiB, 17 %, 59
1, NVIDIA GeForce RTX 4090, 24004 MiB, 24564 MiB, 100 %, 81
0, NVIDIA GeForce RTX 3060, 1530 MiB, 12288 MiB, 13 %, 59
1, NVIDIA GeForce RTX 4090, 24004 MiB, 24564 MiB, 100 %, 80
0, NVIDIA GeForce RTX 3060, 1530 MiB, 12288 MiB, 14 %, 59
1, NVIDIA GeForce RTX 4090, 24004 MiB, 24564 MiB, 100 %, 81
0, NVIDIA GeForce RTX 3060, 1530 MiB, 12288 MiB, 13 %, 59
1, NVIDIA GeForce RTX 4090, 24004 MiB, 24564 MiB, 100 %, 82
0, NVIDIA GeForce RTX 3060, 1534 MiB, 12288 MiB, 15 %, 59
1, NVIDIA GeForce RTX 4090, 24004 MiB, 24564 MiB, 100 %, 82
0, NVIDIA GeForce RTX 3060, 1534 MiB, 12288 MiB, 18 %, 58
1, NVIDIA GeForce RTX 4090, 24004 MiB, 24564 MiB, 100 %, 79
0, NVIDIA GeForce RTX 3060, 1530 MiB, 12288 MiB, 16 %, 59
1, NVIDIA GeForce RTX 4090, 24004 MiB, 24564 MiB, 100 %, 82
0, NVIDIA GeForce RTX 3060, 1530 MiB, 12288 MiB, 18 %, 59
1, NVIDIA GeForce RTX 4090, 24004 MiB, 24564 MiB, 100 %, 81
0, NVIDIA GeForce RTX 3060, 1530 MiB, 12288 MiB, 16 %, 59
1, NVIDIA GeForce RTX 4090, 24004 MiB, 24564 MiB, 100 %, 82
0, NVIDIA GeForce RTX 3060, 1530 MiB, 12288 MiB, 15 %, 59
1, NVIDIA GeForce RTX 4090, 24004 MiB, 24564 MiB, 100 %, 81
0, NVIDIA GeForce RTX 3060, 1530 MiB, 12288 MiB, 14 %, 59
1, NVIDIA GeForce RTX 4090, 24004 MiB, 24564 MiB, 100 %, 82
0, NVIDIA GeForce RTX 3060, 1530 MiB, 12288 MiB, 14 %, 59
1, NVIDIA GeForce RTX 4090, 24004 MiB, 24564 MiB, 100 %, 83
0, NVIDIA GeForce RTX 3060, 1530 MiB, 12288 MiB, 15 %, 59
1, NVIDIA GeForce RTX 4090, 24004 MiB, 24564 MiB, 100 %, 82
0, NVIDIA GeForce RTX 3060, 1530 MiB, 12288 MiB, 15 %, 59
1, NVIDIA GeForce RTX 4090, 24004 MiB, 24564 MiB, 100 %, 83
0, NVIDIA GeForce RTX 3060, 1530 MiB, 12288 MiB, 16 %, 59
1, NVIDIA GeForce RTX 4090, 24004 MiB, 24564 MiB, 100 %, 80
0, NVIDIA GeForce RTX 3060, 1530 MiB, 12288 MiB, 14 %, 59
1, NVIDIA GeForce RTX 4090, 24004 MiB, 24564 MiB, 100 %, 81
0, NVIDIA GeForce RTX 3060, 1530 MiB, 12288 MiB, 15 %, 59
1, NVIDIA GeForce RTX 4090, 24004 MiB, 24564 MiB, 100 %, 82
0, NVIDIA GeForce RTX 3060, 1530 MiB, 12288 MiB, 16 %, 59
1, NVIDIA GeForce RTX 4090, 24004 MiB, 24564 MiB, 100 %, 80
0, NVIDIA GeForce RTX 3060, 1530 MiB, 12288 MiB, 14 %, 58
1, NVIDIA GeForce RTX 4090, 24004 MiB, 24564 MiB, 100 %, 82
0, NVIDIA GeForce RTX 3060, 1530 MiB, 12288 MiB, 13 %, 59
1, NVIDIA GeForce RTX 4090, 24004 MiB, 24564 MiB, 100 %, 78
0, NVIDIA GeForce RTX 3060, 1530 MiB, 12288 MiB, 12 %, 59
1, NVIDIA GeForce RTX 4090, 24004 MiB, 24564 MiB, 100 %, 83
0, NVIDIA GeForce RTX 3060, 1530 MiB, 12288 MiB, 11 %, 59
1, NVIDIA GeForce RTX 4090, 24004 MiB, 24564 MiB, 100 %, 81
0, NVIDIA GeForce RTX 3060, 1530 MiB, 12288 MiB, 11 %, 59
1, NVIDIA GeForce RTX 4090, 24004 MiB, 24564 MiB, 100 %, 81
0, NVIDIA GeForce RTX 3060, 1530 MiB, 12288 MiB, 15 %, 59
1, NVIDIA GeForce RTX 4090, 24004 MiB, 24564 MiB, 100 %, 84
0, NVIDIA GeForce RTX 3060, 1530 MiB, 12288 MiB, 15 %, 59
1, NVIDIA GeForce RTX 4090, 24004 MiB, 24564 MiB, 100 %, 83
0, NVIDIA GeForce RTX 3060, 1530 MiB, 12288 MiB, 17 %, 59
1, NVIDIA GeForce RTX 4090, 24004 MiB, 24564 MiB, 100 %, 80
0, NVIDIA GeForce RTX 3060, 1530 MiB, 12288 MiB, 12 %, 59
1, NVIDIA GeForce RTX 4090, 24004 MiB, 24564 MiB, 100 %, 82
0, NVIDIA GeForce RTX 3060, 1548 MiB, 12288 MiB, 12 %, 59
1, NVIDIA GeForce RTX 4090, 24004 MiB, 24564 MiB, 100 %, 82
0, NVIDIA GeForce RTX 3060, 1555 MiB, 12288 MiB, 13 %, 59
1, NVIDIA GeForce RTX 4090, 24004 MiB, 24564 MiB, 100 %, 83
0, NVIDIA GeForce RTX 3060, 1548 MiB, 12288 MiB, 12 %, 59
1, NVIDIA GeForce RTX 4090, 24004 MiB, 24564 MiB, 100 %, 82
0, NVIDIA GeForce RTX 3060, 1548 MiB, 12288 MiB, 13 %, 59
1, NVIDIA GeForce RTX 4090, 24004 MiB, 24564 MiB, 100 %, 83
0, NVIDIA GeForce RTX 3060, 1548 MiB, 12288 MiB, 16 %, 59
1, NVIDIA GeForce RTX 4090, 24004 MiB, 24564 MiB, 100 %, 81
0, NVIDIA GeForce RTX 3060, 1542 MiB, 12288 MiB, 19 %, 59
1, NVIDIA GeForce RTX 4090, 24004 MiB, 24564 MiB, 100 %, 81
0, NVIDIA GeForce RTX 3060, 1530 MiB, 12288 MiB, 22 %, 59
1, NVIDIA GeForce RTX 4090, 24004 MiB, 24564 MiB, 100 %, 82
0, NVIDIA GeForce RTX 3060, 1530 MiB, 12288 MiB, 18 %, 59
1, NVIDIA GeForce RTX 4090, 24004 MiB, 24564 MiB, 100 %, 79
0, NVIDIA GeForce RTX 3060, 1530 MiB, 12288 MiB, 16 %, 59
1, NVIDIA GeForce RTX 4090, 24004 MiB, 24564 MiB, 100 %, 81
0, NVIDIA GeForce RTX 3060, 1530 MiB, 12288 MiB, 18 %, 59
1, NVIDIA GeForce RTX 4090, 24004 MiB, 24564 MiB, 100 %, 80
0, NVIDIA GeForce RTX 3060, 1533 MiB, 12288 MiB, 19 %, 59
1, NVIDIA GeForce RTX 4090, 24004 MiB, 24564 MiB, 100 %, 83
0, NVIDIA GeForce RTX 3060, 1533 MiB, 12288 MiB, 17 %, 59
1, NVIDIA GeForce RTX 4090, 24004 MiB, 24564 MiB, 100 %, 83
0, NVIDIA GeForce RTX 3060, 1529 MiB, 12288 MiB, 16 %, 59
1, NVIDIA GeForce RTX 4090, 24004 MiB, 24564 MiB, 100 %, 78
0, NVIDIA GeForce RTX 3060, 1529 MiB, 12288 MiB, 16 %, 59
1, NVIDIA GeForce RTX 4090, 24004 MiB, 24564 MiB, 100 %, 81
0, NVIDIA GeForce RTX 3060, 1534 MiB, 12288 MiB, 19 %, 59
1, NVIDIA GeForce RTX 4090, 24004 MiB, 24564 MiB, 100 %, 80
0, NVIDIA GeForce RTX 3060, 1536 MiB, 12288 MiB, 17 %, 59
1, NVIDIA GeForce RTX 4090, 24004 MiB, 24564 MiB, 100 %, 83
0, NVIDIA GeForce RTX 3060, 1536 MiB, 12288 MiB, 15 %, 59
1, NVIDIA GeForce RTX 4090, 24004 MiB, 24564 MiB, 100 %, 80
0, NVIDIA GeForce RTX 3060, 1536 MiB, 12288 MiB, 17 %, 59
1, NVIDIA GeForce RTX 4090, 24004 MiB, 24564 MiB, 100 %, 83
0, NVIDIA GeForce RTX 3060, 1536 MiB, 12288 MiB, 20 %, 59
1, NVIDIA GeForce RTX 4090, 24004 MiB, 24564 MiB, 100 %, 81
0, NVIDIA GeForce RTX 3060, 1533 MiB, 12288 MiB, 20 %, 59
1, NVIDIA GeForce RTX 4090, 24004 MiB, 24564 MiB, 100 %, 80
0, NVIDIA GeForce RTX 3060, 1528 MiB, 12288 MiB, 21 %, 59
1, NVIDIA GeForce RTX 4090, 24004 MiB, 24564 MiB, 100 %, 82
0, NVIDIA GeForce RTX 3060, 1528 MiB, 12288 MiB, 18 %, 59
1, NVIDIA GeForce RTX 4090, 24004 MiB, 24564 MiB, 100 %, 82
0, NVIDIA GeForce RTX 3060, 1528 MiB, 12288 MiB, 17 %, 59
1, NVIDIA GeForce RTX 4090, 24004 MiB, 24564 MiB, 100 %, 83
0, NVIDIA GeForce RTX 3060, 1528 MiB, 12288 MiB, 18 %, 59
1, NVIDIA GeForce RTX 4090, 24004 MiB, 24564 MiB, 100 %, 81
0, NVIDIA GeForce RTX 3060, 1528 MiB, 12288 MiB, 17 %, 59
1, NVIDIA GeForce RTX 4090, 24004 MiB, 24564 MiB, 100 %, 82
0, NVIDIA GeForce RTX 3060, 1528 MiB, 12288 MiB, 17 %, 59
1, NVIDIA GeForce RTX 4090, 24004 MiB, 24564 MiB, 100 %, 80
0, NVIDIA GeForce RTX 3060, 1528 MiB, 12288 MiB, 19 %, 59
1, NVIDIA GeForce RTX 4090, 24004 MiB, 24564 MiB, 100 %, 83
0, NVIDIA GeForce RTX 3060, 1529 MiB, 12288 MiB, 17 %, 59
1, NVIDIA GeForce RTX 4090, 24004 MiB, 24564 MiB, 100 %, 81
0, NVIDIA GeForce RTX 3060, 1529 MiB, 12288 MiB, 16 %, 59
1, NVIDIA GeForce RTX 4090, 24004 MiB, 24564 MiB, 100 %, 82
0, NVIDIA GeForce RTX 3060, 1529 MiB, 12288 MiB, 17 %, 59
1, NVIDIA GeForce RTX 4090, 24004 MiB, 24564 MiB, 100 %, 81
0, NVIDIA GeForce RTX 3060, 1529 MiB, 12288 MiB, 20 %, 59
1, NVIDIA GeForce RTX 4090, 24004 MiB, 24564 MiB, 100 %, 81
0, NVIDIA GeForce RTX 3060, 1529 MiB, 12288 MiB, 17 %, 59
1, NVIDIA GeForce RTX 4090, 24004 MiB, 24564 MiB, 100 %, 83
0, NVIDIA GeForce RTX 3060, 1529 MiB, 12288 MiB, 17 %, 59
1, NVIDIA GeForce RTX 4090, 24004 MiB, 24564 MiB, 100 %, 82
0, NVIDIA GeForce RTX 3060, 1529 MiB, 12288 MiB, 17 %, 59
1, NVIDIA GeForce RTX 4090, 24004 MiB, 24564 MiB, 100 %, 83
0, NVIDIA GeForce RTX 3060, 1529 MiB, 12288 MiB, 16 %, 59
1, NVIDIA GeForce RTX 4090, 24004 MiB, 24564 MiB, 100 %, 81
0, NVIDIA GeForce RTX 3060, 1529 MiB, 12288 MiB, 16 %, 59
1, NVIDIA GeForce RTX 4090, 24004 MiB, 24564 MiB, 100 %, 82
0, NVIDIA GeForce RTX 3060, 1529 MiB, 12288 MiB, 15 %, 59
1, NVIDIA GeForce RTX 4090, 24004 MiB, 24564 MiB, 100 %, 82
0, NVIDIA GeForce RTX 3060, 1529 MiB, 12288 MiB, 14 %, 59
1, NVIDIA GeForce RTX 4090, 24004 MiB, 24564 MiB, 100 %, 81
0, NVIDIA GeForce RTX 3060, 1529 MiB, 12288 MiB, 19 %, 59
1, NVIDIA GeForce RTX 4090, 24004 MiB, 24564 MiB, 100 %, 83
0, NVIDIA GeForce RTX 3060, 1529 MiB, 12288 MiB, 20 %, 59
1, NVIDIA GeForce RTX 4090, 24004 MiB, 24564 MiB, 100 %, 82
0, NVIDIA GeForce RTX 3060, 1529 MiB, 12288 MiB, 20 %, 59
1, NVIDIA GeForce RTX 4090, 24004 MiB, 24564 MiB, 100 %, 84
0, NVIDIA GeForce RTX 3060, 1529 MiB, 12288 MiB, 17 %, 59
1, NVIDIA GeForce RTX 4090, 24004 MiB, 24564 MiB, 100 %, 82
0, NVIDIA GeForce RTX 3060, 1529 MiB, 12288 MiB, 15 %, 59
1, NVIDIA GeForce RTX 4090, 24004 MiB, 24564 MiB, 100 %, 81
0, NVIDIA GeForce RTX 3060, 1529 MiB, 12288 MiB, 15 %, 59
1, NVIDIA GeForce RTX 4090, 24004 MiB, 24564 MiB, 100 %, 82
0, NVIDIA GeForce RTX 3060, 1529 MiB, 12288 MiB, 16 %, 59
1, NVIDIA GeForce RTX 4090, 24004 MiB, 24564 MiB, 100 %, 80
0, NVIDIA GeForce RTX 3060, 1529 MiB, 12288 MiB, 16 %, 59
1, NVIDIA GeForce RTX 4090, 24004 MiB, 24564 MiB, 100 %, 83
0, NVIDIA GeForce RTX 3060, 1529 MiB, 12288 MiB, 18 %, 59
1, NVIDIA GeForce RTX 4090, 24004 MiB, 24564 MiB, 100 %, 81
0, NVIDIA GeForce RTX 3060, 1529 MiB, 12288 MiB, 17 %, 59
1, NVIDIA GeForce RTX 4090, 24004 MiB, 24564 MiB, 100 %, 82
0, NVIDIA GeForce RTX 3060, 1529 MiB, 12288 MiB, 16 %, 59
1, NVIDIA GeForce RTX 4090, 24004 MiB, 24564 MiB, 100 %, 80
0, NVIDIA GeForce RTX 3060, 1529 MiB, 12288 MiB, 18 %, 59
1, NVIDIA GeForce RTX 4090, 24004 MiB, 24564 MiB, 100 %, 81
0, NVIDIA GeForce RTX 3060, 1529 MiB, 12288 MiB, 18 %, 59
1, NVIDIA GeForce RTX 4090, 24004 MiB, 24564 MiB, 100 %, 83
0, NVIDIA GeForce RTX 3060, 1529 MiB, 12288 MiB, 16 %, 59
1, NVIDIA GeForce RTX 4090, 24004 MiB, 24564 MiB, 100 %, 78
0, NVIDIA GeForce RTX 3060, 1529 MiB, 12288 MiB, 17 %, 59
1, NVIDIA GeForce RTX 4090, 24004 MiB, 24564 MiB, 100 %, 81
0, NVIDIA GeForce RTX 3060, 1529 MiB, 12288 MiB, 16 %, 58
1, NVIDIA GeForce RTX 4090, 24004 MiB, 24564 MiB, 100 %, 78
0, NVIDIA GeForce RTX 3060, 1529 MiB, 12288 MiB, 15 %, 59
1, NVIDIA GeForce RTX 4090, 24004 MiB, 24564 MiB, 100 %, 81
0, NVIDIA GeForce RTX 3060, 1529 MiB, 12288 MiB, 16 %, 59
1, NVIDIA GeForce RTX 4090, 24004 MiB, 24564 MiB, 100 %, 82
0, NVIDIA GeForce RTX 3060, 1529 MiB, 12288 MiB, 12 %, 59
1, NVIDIA GeForce RTX 4090, 24004 MiB, 24564 MiB, 100 %, 80
0, NVIDIA GeForce RTX 3060, 1529 MiB, 12288 MiB, 16 %, 59
1, NVIDIA GeForce RTX 4090, 24004 MiB, 24564 MiB, 100 %, 81
0, NVIDIA GeForce RTX 3060, 1529 MiB, 12288 MiB, 17 %, 59
1, NVIDIA GeForce RTX 4090, 24004 MiB, 24564 MiB, 100 %, 81
0, NVIDIA GeForce RTX 3060, 1529 MiB, 12288 MiB, 13 %, 59
1, NVIDIA GeForce RTX 4090, 24004 MiB, 24564 MiB, 100 %, 82
0, NVIDIA GeForce RTX 3060, 1534 MiB, 12288 MiB, 13 %, 59
1, NVIDIA GeForce RTX 4090, 24004 MiB, 24564 MiB, 100 %, 83
0, NVIDIA GeForce RTX 3060, 1534 MiB, 12288 MiB, 15 %, 58
1, NVIDIA GeForce RTX 4090, 24004 MiB, 24564 MiB, 100 %, 83
0, NVIDIA GeForce RTX 3060, 1536 MiB, 12288 MiB, 12 %, 59
1, NVIDIA GeForce RTX 4090, 24004 MiB, 24564 MiB, 100 %, 81
0, NVIDIA GeForce RTX 3060, 1537 MiB, 12288 MiB, 12 %, 59
1, NVIDIA GeForce RTX 4090, 24004 MiB, 24564 MiB, 100 %, 82
0, NVIDIA GeForce RTX 3060, 1538 MiB, 12288 MiB, 12 %, 59
1, NVIDIA GeForce RTX 4090, 24004 MiB, 24564 MiB, 100 %, 83
0, NVIDIA GeForce RTX 3060, 1535 MiB, 12288 MiB, 12 %, 59
1, NVIDIA GeForce RTX 4090, 24004 MiB, 24564 MiB, 100 %, 80
0, NVIDIA GeForce RTX 3060, 1535 MiB, 12288 MiB, 14 %, 59
1, NVIDIA GeForce RTX 4090, 24004 MiB, 24564 MiB, 100 %, 84
0, NVIDIA GeForce RTX 3060, 1530 MiB, 12288 MiB, 16 %, 59
1, NVIDIA GeForce RTX 4090, 24004 MiB, 24564 MiB, 100 %, 78
0, NVIDIA GeForce RTX 3060, 1530 MiB, 12288 MiB, 12 %, 59
1, NVIDIA GeForce RTX 4090, 24004 MiB, 24564 MiB, 100 %, 83
0, NVIDIA GeForce RTX 3060, 1560 MiB, 12288 MiB, 11 %, 59
1, NVIDIA GeForce RTX 4090, 24004 MiB, 24564 MiB, 100 %, 80
0, NVIDIA GeForce RTX 3060, 1562 MiB, 12288 MiB, 15 %, 59
1, NVIDIA GeForce RTX 4090, 24004 MiB, 24564 MiB, 100 %, 82
0, NVIDIA GeForce RTX 3060, 1558 MiB, 12288 MiB, 14 %, 59
1, NVIDIA GeForce RTX 4090, 24004 MiB, 24564 MiB, 100 %, 79
0, NVIDIA GeForce RTX 3060, 1563 MiB, 12288 MiB, 12 %, 59
1, NVIDIA GeForce RTX 4090, 24004 MiB, 24564 MiB, 100 %, 81
0, NVIDIA GeForce RTX 3060, 1565 MiB, 12288 MiB, 13 %, 59
1, NVIDIA GeForce RTX 4090, 24004 MiB, 24564 MiB, 100 %, 83
0, NVIDIA GeForce RTX 3060, 1558 MiB, 12288 MiB, 11 %, 58
1, NVIDIA GeForce RTX 4090, 24004 MiB, 24564 MiB, 100 %, 82
0, NVIDIA GeForce RTX 3060, 1536 MiB, 12288 MiB, 10 %, 59
1, NVIDIA GeForce RTX 4090, 24004 MiB, 24564 MiB, 100 %, 83
0, NVIDIA GeForce RTX 3060, 1536 MiB, 12288 MiB, 15 %, 59
1, NVIDIA GeForce RTX 4090, 24004 MiB, 24564 MiB, 100 %, 81
0, NVIDIA GeForce RTX 3060, 1533 MiB, 12288 MiB, 14 %, 59
1, NVIDIA GeForce RTX 4090, 24004 MiB, 24564 MiB, 100 %, 81
0, NVIDIA GeForce RTX 3060, 1534 MiB, 12288 MiB, 13 %, 59
1, NVIDIA GeForce RTX 4090, 24004 MiB, 24564 MiB, 100 %, 80
0, NVIDIA GeForce RTX 3060, 1529 MiB, 12288 MiB, 10 %, 59
1, NVIDIA GeForce RTX 4090, 24004 MiB, 24564 MiB, 100 %, 82
0, NVIDIA GeForce RTX 3060, 1529 MiB, 12288 MiB, 10 %, 59
1, NVIDIA GeForce RTX 4090, 24004 MiB, 24564 MiB, 100 %, 80
0, NVIDIA GeForce RTX 3060, 1529 MiB, 12288 MiB, 10 %, 59
1, NVIDIA GeForce RTX 4090, 24004 MiB, 24564 MiB, 100 %, 83
0, NVIDIA GeForce RTX 3060, 1529 MiB, 12288 MiB, 10 %, 59
1, NVIDIA GeForce RTX 4090, 24004 MiB, 24564 MiB, 100 %, 82
0, NVIDIA GeForce RTX 3060, 1529 MiB, 12288 MiB, 12 %, 59
1, NVIDIA GeForce RTX 4090, 24004 MiB, 24564 MiB, 100 %, 81
0, NVIDIA GeForce RTX 3060, 1529 MiB, 12288 MiB, 10 %, 59
1, NVIDIA GeForce RTX 4090, 24004 MiB, 24564 MiB, 100 %, 83
0, NVIDIA GeForce RTX 3060, 1529 MiB, 12288 MiB, 12 %, 59
1, NVIDIA GeForce RTX 4090, 24004 MiB, 24564 MiB, 100 %, 80
0, NVIDIA GeForce RTX 3060, 1529 MiB, 12288 MiB, 14 %, 59
1, NVIDIA GeForce RTX 4090, 24004 MiB, 24564 MiB, 100 %, 84
0, NVIDIA GeForce RTX 3060, 1529 MiB, 12288 MiB, 13 %, 59
1, NVIDIA GeForce RTX 4090, 24004 MiB, 24564 MiB, 100 %, 82
0, NVIDIA GeForce RTX 3060, 1529 MiB, 12288 MiB, 10 %, 59
1, NVIDIA GeForce RTX 4090, 24004 MiB, 24564 MiB, 100 %, 82
0, NVIDIA GeForce RTX 3060, 1529 MiB, 12288 MiB, 10 %, 59
1, NVIDIA GeForce RTX 4090, 24004 MiB, 24564 MiB, 100 %, 81
0, NVIDIA GeForce RTX 3060, 1529 MiB, 12288 MiB, 11 %, 59
1, NVIDIA GeForce RTX 4090, 24004 MiB, 24564 MiB, 100 %, 81
0, NVIDIA GeForce RTX 3060, 1529 MiB, 12288 MiB, 11 %, 59
1, NVIDIA GeForce RTX 4090, 24004 MiB, 24564 MiB, 100 %, 83
0, NVIDIA GeForce RTX 3060, 1529 MiB, 12288 MiB, 10 %, 59
1, NVIDIA GeForce RTX 4090, 24004 MiB, 24564 MiB, 100 %, 80
0, NVIDIA GeForce RTX 3060, 1529 MiB, 12288 MiB, 10 %, 59
1, NVIDIA GeForce RTX 4090, 24004 MiB, 24564 MiB, 100 %, 81
0, NVIDIA GeForce RTX 3060, 1529 MiB, 12288 MiB, 14 %, 59
1, NVIDIA GeForce RTX 4090, 24004 MiB, 24564 MiB, 100 %, 81
0, NVIDIA GeForce RTX 3060, 1529 MiB, 12288 MiB, 13 %, 59
1, NVIDIA GeForce RTX 4090, 24004 MiB, 24564 MiB, 100 %, 83
0, NVIDIA GeForce RTX 3060, 1529 MiB, 12288 MiB, 10 %, 59
1, NVIDIA GeForce RTX 4090, 24004 MiB, 24564 MiB, 100 %, 83
0, NVIDIA GeForce RTX 3060, 1529 MiB, 12288 MiB, 12 %, 59
1, NVIDIA GeForce RTX 4090, 24004 MiB, 24564 MiB, 100 %, 80
0, NVIDIA GeForce RTX 3060, 1529 MiB, 12288 MiB, 10 %, 59
1, NVIDIA GeForce RTX 4090, 24004 MiB, 24564 MiB, 100 %, 82
0, NVIDIA GeForce RTX 3060, 1529 MiB, 12288 MiB, 9 %, 59
1, NVIDIA GeForce RTX 4090, 24004 MiB, 24564 MiB, 100 %, 80
0, NVIDIA GeForce RTX 3060, 1529 MiB, 12288 MiB, 9 %, 59
1, NVIDIA GeForce RTX 4090, 24004 MiB, 24564 MiB, 100 %, 84
0, NVIDIA GeForce RTX 3060, 1528 MiB, 12288 MiB, 10 %, 59
1, NVIDIA GeForce RTX 4090, 24004 MiB, 24564 MiB, 100 %, 80
0, NVIDIA GeForce RTX 3060, 1528 MiB, 12288 MiB, 11 %, 59
1, NVIDIA GeForce RTX 4090, 24004 MiB, 24564 MiB, 100 %, 83
0, NVIDIA GeForce RTX 3060, 1528 MiB, 12288 MiB, 18 %, 59
1, NVIDIA GeForce RTX 4090, 24004 MiB, 24564 MiB, 100 %, 78
0, NVIDIA GeForce RTX 3060, 1528 MiB, 12288 MiB, 12 %, 59
1, NVIDIA GeForce RTX 4090, 24004 MiB, 24564 MiB, 100 %, 83
0, NVIDIA GeForce RTX 3060, 1528 MiB, 12288 MiB, 12 %, 59
1, NVIDIA GeForce RTX 4090, 24004 MiB, 24564 MiB, 100 %, 81
0, NVIDIA GeForce RTX 3060, 1533 MiB, 12288 MiB, 10 %, 59
1, NVIDIA GeForce RTX 4090, 24004 MiB, 24564 MiB, 100 %, 83
0, NVIDIA GeForce RTX 3060, 1533 MiB, 12288 MiB, 10 %, 59
1, NVIDIA GeForce RTX 4090, 24004 MiB, 24564 MiB, 100 %, 83
0, NVIDIA GeForce RTX 3060, 1528 MiB, 12288 MiB, 10 %, 59
1, NVIDIA GeForce RTX 4090, 24004 MiB, 24564 MiB, 100 %, 79
0, NVIDIA GeForce RTX 3060, 1528 MiB, 12288 MiB, 10 %, 59
1, NVIDIA GeForce RTX 4090, 24004 MiB, 24564 MiB, 100 %, 81
0, NVIDIA GeForce RTX 3060, 1529 MiB, 12288 MiB, 10 %, 59
1, NVIDIA GeForce RTX 4090, 24004 MiB, 24564 MiB, 100 %, 79
0, NVIDIA GeForce RTX 3060, 1530 MiB, 12288 MiB, 11 %, 59
1, NVIDIA GeForce RTX 4090, 24004 MiB, 24564 MiB, 100 %, 82
0, NVIDIA GeForce RTX 3060, 1530 MiB, 12288 MiB, 15 %, 59
1, NVIDIA GeForce RTX 4090, 24004 MiB, 24564 MiB, 100 %, 80
0, NVIDIA GeForce RTX 3060, 1530 MiB, 12288 MiB, 14 %, 59
1, NVIDIA GeForce RTX 4090, 24004 MiB, 24564 MiB, 100 %, 81
0, NVIDIA GeForce RTX 3060, 1530 MiB, 12288 MiB, 10 %, 59
1, NVIDIA GeForce RTX 4090, 24004 MiB, 24564 MiB, 100 %, 82
0, NVIDIA GeForce RTX 3060, 1530 MiB, 12288 MiB, 10 %, 59
1, NVIDIA GeForce RTX 4090, 24004 MiB, 24564 MiB, 100 %, 83
0, NVIDIA GeForce RTX 3060, 1530 MiB, 12288 MiB, 10 %, 59
1, NVIDIA GeForce RTX 4090, 24004 MiB, 24564 MiB, 100 %, 81
0, NVIDIA GeForce RTX 3060, 1530 MiB, 12288 MiB, 10 %, 59
1, NVIDIA GeForce RTX 4090, 24004 MiB, 24564 MiB, 100 %, 82
0, NVIDIA GeForce RTX 3060, 1530 MiB, 12288 MiB, 18 %, 59
1, NVIDIA GeForce RTX 4090, 24004 MiB, 24564 MiB, 100 %, 82
0, NVIDIA GeForce RTX 3060, 1530 MiB, 12288 MiB, 15 %, 59
1, NVIDIA GeForce RTX 4090, 24004 MiB, 24564 MiB, 100 %, 81
0, NVIDIA GeForce RTX 3060, 1530 MiB, 12288 MiB, 21 %, 59
1, NVIDIA GeForce RTX 4090, 24004 MiB, 24564 MiB, 100 %, 82
0, NVIDIA GeForce RTX 3060, 1530 MiB, 12288 MiB, 19 %, 59
1, NVIDIA GeForce RTX 4090, 24004 MiB, 24564 MiB, 100 %, 81
0, NVIDIA GeForce RTX 3060, 1530 MiB, 12288 MiB, 15 %, 59
1, NVIDIA GeForce RTX 4090, 24004 MiB, 24564 MiB, 100 %, 83
0, NVIDIA GeForce RTX 3060, 1530 MiB, 12288 MiB, 14 %, 59
1, NVIDIA GeForce RTX 4090, 24004 MiB, 24564 MiB, 100 %, 80
0, NVIDIA GeForce RTX 3060, 1530 MiB, 12288 MiB, 16 %, 59
1, NVIDIA GeForce RTX 4090, 24004 MiB, 24564 MiB, 100 %, 82
0, NVIDIA GeForce RTX 3060, 1530 MiB, 12288 MiB, 14 %, 59
1, NVIDIA GeForce RTX 4090, 24004 MiB, 24564 MiB, 100 %, 80
0, NVIDIA GeForce RTX 3060, 1530 MiB, 12288 MiB, 13 %, 59
1, NVIDIA GeForce RTX 4090, 24004 MiB, 24564 MiB, 100 %, 83
0, NVIDIA GeForce RTX 3060, 1534 MiB, 12288 MiB, 14 %, 59
1, NVIDIA GeForce RTX 4090, 24004 MiB, 24564 MiB, 100 %, 83
0, NVIDIA GeForce RTX 3060, 1533 MiB, 12288 MiB, 15 %, 59
1, NVIDIA GeForce RTX 4090, 24004 MiB, 24564 MiB, 100 %, 81
0, NVIDIA GeForce RTX 3060, 1533 MiB, 12288 MiB, 17 %, 59
1, NVIDIA GeForce RTX 4090, 24004 MiB, 24564 MiB, 100 %, 84
0, NVIDIA GeForce RTX 3060, 1533 MiB, 12288 MiB, 21 %, 59
1, NVIDIA GeForce RTX 4090, 24004 MiB, 24564 MiB, 100 %, 75
0, NVIDIA GeForce RTX 3060, 1538 MiB, 12288 MiB, 19 %, 59
1, NVIDIA GeForce RTX 4090, 24004 MiB, 24564 MiB, 100 %, 81
0, NVIDIA GeForce RTX 3060, 1535 MiB, 12288 MiB, 14 %, 59
1, NVIDIA GeForce RTX 4090, 24004 MiB, 24564 MiB, 100 %, 82
0, NVIDIA GeForce RTX 3060, 1531 MiB, 12288 MiB, 14 %, 59
1, NVIDIA GeForce RTX 4090, 24004 MiB, 24564 MiB, 100 %, 79
0, NVIDIA GeForce RTX 3060, 1531 MiB, 12288 MiB, 16 %, 59
1, NVIDIA GeForce RTX 4090, 24004 MiB, 24564 MiB, 100 %, 81
0, NVIDIA GeForce RTX 3060, 1531 MiB, 12288 MiB, 14 %, 59
1, NVIDIA GeForce RTX 4090, 24004 MiB, 24564 MiB, 100 %, 80
0, NVIDIA GeForce RTX 3060, 1531 MiB, 12288 MiB, 17 %, 59
1, NVIDIA GeForce RTX 4090, 24004 MiB, 24564 MiB, 100 %, 81
0, NVIDIA GeForce RTX 3060, 1531 MiB, 12288 MiB, 14 %, 59
1, NVIDIA GeForce RTX 4090, 24004 MiB, 24564 MiB, 100 %, 80
0, NVIDIA GeForce RTX 3060, 1531 MiB, 12288 MiB, 18 %, 59
1, NVIDIA GeForce RTX 4090, 24004 MiB, 24564 MiB, 100 %, 81
0, NVIDIA GeForce RTX 3060, 1531 MiB, 12288 MiB, 19 %, 59
1, NVIDIA GeForce RTX 4090, 24004 MiB, 24564 MiB, 100 %, 82
0, NVIDIA GeForce RTX 3060, 1530 MiB, 12288 MiB, 15 %, 59
1, NVIDIA GeForce RTX 4090, 24004 MiB, 24564 MiB, 100 %, 83
0, NVIDIA GeForce RTX 3060, 1531 MiB, 12288 MiB, 31 %, 59
1, NVIDIA GeForce RTX 4090, 24004 MiB, 24564 MiB, 100 %, 81
0, NVIDIA GeForce RTX 3060, 1531 MiB, 12288 MiB, 21 %, 59
1, NVIDIA GeForce RTX 4090, 24004 MiB, 24564 MiB, 100 %, 80
0, NVIDIA GeForce RTX 3060, 1531 MiB, 12288 MiB, 20 %, 59
1, NVIDIA GeForce RTX 4090, 24004 MiB, 24564 MiB, 100 %, 82
0, NVIDIA GeForce RTX 3060, 1531 MiB, 12288 MiB, 19 %, 59
1, NVIDIA GeForce RTX 4090, 24004 MiB, 24564 MiB, 100 %, 80
0, NVIDIA GeForce RTX 3060, 1531 MiB, 12288 MiB, 17 %, 59
1, NVIDIA GeForce RTX 4090, 24004 MiB, 24564 MiB, 100 %, 83
0, NVIDIA GeForce RTX 3060, 1531 MiB, 12288 MiB, 18 %, 59
1, NVIDIA GeForce RTX 4090, 24004 MiB, 24564 MiB, 100 %, 80
0, NVIDIA GeForce RTX 3060, 1530 MiB, 12288 MiB, 24 %, 59
1, NVIDIA GeForce RTX 4090, 24004 MiB, 24564 MiB, 100 %, 82
0, NVIDIA GeForce RTX 3060, 1530 MiB, 12288 MiB, 22 %, 59
1, NVIDIA GeForce RTX 4090, 24004 MiB, 24564 MiB, 100 %, 81
0, NVIDIA GeForce RTX 3060, 1529 MiB, 12288 MiB, 22 %, 59
1, NVIDIA GeForce RTX 4090, 24004 MiB, 24564 MiB, 100 %, 82
0, NVIDIA GeForce RTX 3060, 1529 MiB, 12288 MiB, 20 %, 59
1, NVIDIA GeForce RTX 4090, 24004 MiB, 24564 MiB, 100 %, 80
0, NVIDIA GeForce RTX 3060, 1529 MiB, 12288 MiB, 18 %, 59
1, NVIDIA GeForce RTX 4090, 24004 MiB, 24564 MiB, 100 %, 82
0, NVIDIA GeForce RTX 3060, 1529 MiB, 12288 MiB, 20 %, 59
1, NVIDIA GeForce RTX 4090, 24004 MiB, 24564 MiB, 100 %, 82
0, NVIDIA GeForce RTX 3060, 1529 MiB, 12288 MiB, 18 %, 59
1, NVIDIA GeForce RTX 4090, 24004 MiB, 24564 MiB, 100 %, 82
0, NVIDIA GeForce RTX 3060, 1529 MiB, 12288 MiB, 20 %, 59
1, NVIDIA GeForce RTX 4090, 24004 MiB, 24564 MiB, 100 %, 80
0, NVIDIA GeForce RTX 3060, 1529 MiB, 12288 MiB, 17 %, 59
1, NVIDIA GeForce RTX 4090, 24004 MiB, 24564 MiB, 100 %, 82
0, NVIDIA GeForce RTX 3060, 1529 MiB, 12288 MiB, 24 %, 59
1, NVIDIA GeForce RTX 4090, 24004 MiB, 24564 MiB, 100 %, 81
0, NVIDIA GeForce RTX 3060, 1529 MiB, 12288 MiB, 20 %, 59
1, NVIDIA GeForce RTX 4090, 24004 MiB, 24564 MiB, 100 %, 82
0, NVIDIA GeForce RTX 3060, 1529 MiB, 12288 MiB, 17 %, 59
1, NVIDIA GeForce RTX 4090, 24004 MiB, 24564 MiB, 100 %, 80
0, NVIDIA GeForce RTX 3060, 1529 MiB, 12288 MiB, 17 %, 59
1, NVIDIA GeForce RTX 4090, 24004 MiB, 24564 MiB, 100 %, 83
0, NVIDIA GeForce RTX 3060, 1529 MiB, 12288 MiB, 19 %, 59
1, NVIDIA GeForce RTX 4090, 24004 MiB, 24564 MiB, 100 %, 82
0, NVIDIA GeForce RTX 3060, 1529 MiB, 12288 MiB, 20 %, 59
1, NVIDIA GeForce RTX 4090, 24004 MiB, 24564 MiB, 100 %, 84
0, NVIDIA GeForce RTX 3060, 1529 MiB, 12288 MiB, 18 %, 59
1, NVIDIA GeForce RTX 4090, 24004 MiB, 24564 MiB, 100 %, 81
0, NVIDIA GeForce RTX 3060, 1529 MiB, 12288 MiB, 18 %, 59
1, NVIDIA GeForce RTX 4090, 24004 MiB, 24564 MiB, 100 %, 82
0, NVIDIA GeForce RTX 3060, 1529 MiB, 12288 MiB, 20 %, 59
1, NVIDIA GeForce RTX 4090, 24004 MiB, 24564 MiB, 100 %, 82
0, NVIDIA GeForce RTX 3060, 1529 MiB, 12288 MiB, 23 %, 59
1, NVIDIA GeForce RTX 4090, 24004 MiB, 24564 MiB, 100 %, 82
0, NVIDIA GeForce RTX 3060, 1529 MiB, 12288 MiB, 22 %, 59
1, NVIDIA GeForce RTX 4090, 24004 MiB, 24564 MiB, 100 %, 81
0, NVIDIA GeForce RTX 3060, 1529 MiB, 12288 MiB, 15 %, 59
1, NVIDIA GeForce RTX 4090, 24004 MiB, 24564 MiB, 100 %, 82
0, NVIDIA GeForce RTX 3060, 1529 MiB, 12288 MiB, 15 %, 59
1, NVIDIA GeForce RTX 4090, 24004 MiB, 24564 MiB, 100 %, 82
0, NVIDIA GeForce RTX 3060, 1529 MiB, 12288 MiB, 14 %, 59
1, NVIDIA GeForce RTX 4090, 24004 MiB, 24564 MiB, 100 %, 80
0, NVIDIA GeForce RTX 3060, 1529 MiB, 12288 MiB, 18 %, 59
1, NVIDIA GeForce RTX 4090, 24004 MiB, 24564 MiB, 100 %, 83
0, NVIDIA GeForce RTX 3060, 1533 MiB, 12288 MiB, 19 %, 59
1, NVIDIA GeForce RTX 4090, 24004 MiB, 24564 MiB, 100 %, 78
0, NVIDIA GeForce RTX 3060, 1533 MiB, 12288 MiB, 14 %, 59
1, NVIDIA GeForce RTX 4090, 24004 MiB, 24564 MiB, 100 %, 81
0, NVIDIA GeForce RTX 3060, 1529 MiB, 12288 MiB, 15 %, 59
1, NVIDIA GeForce RTX 4090, 24004 MiB, 24564 MiB, 100 %, 82
0, NVIDIA GeForce RTX 3060, 1529 MiB, 12288 MiB, 15 %, 59
1, NVIDIA GeForce RTX 4090, 24004 MiB, 24564 MiB, 100 %, 80
0, NVIDIA GeForce RTX 3060, 1529 MiB, 12288 MiB, 16 %, 59
1, NVIDIA GeForce RTX 4090, 24004 MiB, 24564 MiB, 100 %, 82
0, NVIDIA GeForce RTX 3060, 1548 MiB, 12288 MiB, 14 %, 59
1, NVIDIA GeForce RTX 4090, 24004 MiB, 24564 MiB, 100 %, 81
0, NVIDIA GeForce RTX 3060, 1547 MiB, 12288 MiB, 14 %, 59
1, NVIDIA GeForce RTX 4090, 24004 MiB, 24564 MiB, 100 %, 80
0, NVIDIA GeForce RTX 3060, 1548 MiB, 12288 MiB, 15 %, 59
1, NVIDIA GeForce RTX 4090, 24004 MiB, 24564 MiB, 100 %, 80
0, NVIDIA GeForce RTX 3060, 1548 MiB, 12288 MiB, 19 %, 59
1, NVIDIA GeForce RTX 4090, 24004 MiB, 24564 MiB, 100 %, 80
0, NVIDIA GeForce RTX 3060, 1534 MiB, 12288 MiB, 15 %, 59
1, NVIDIA GeForce RTX 4090, 24004 MiB, 24564 MiB, 100 %, 82
0, NVIDIA GeForce RTX 3060, 1529 MiB, 12288 MiB, 16 %, 59
1, NVIDIA GeForce RTX 4090, 24004 MiB, 24564 MiB, 100 %, 82
0, NVIDIA GeForce RTX 3060, 1529 MiB, 12288 MiB, 16 %, 59
1, NVIDIA GeForce RTX 4090, 24004 MiB, 24564 MiB, 100 %, 81
0, NVIDIA GeForce RTX 3060, 1529 MiB, 12288 MiB, 17 %, 59
1, NVIDIA GeForce RTX 4090, 24004 MiB, 24564 MiB, 100 %, 82
0, NVIDIA GeForce RTX 3060, 1529 MiB, 12288 MiB, 14 %, 59
1, NVIDIA GeForce RTX 4090, 24004 MiB, 24564 MiB, 100 %, 82
0, NVIDIA GeForce RTX 3060, 1529 MiB, 12288 MiB, 13 %, 59
1, NVIDIA GeForce RTX 4090, 24004 MiB, 24564 MiB, 100 %, 81
0, NVIDIA GeForce RTX 3060, 1529 MiB, 12288 MiB, 14 %, 59
1, NVIDIA GeForce RTX 4090, 24004 MiB, 24564 MiB, 100 %, 80
0, NVIDIA GeForce RTX 3060, 1529 MiB, 12288 MiB, 15 %, 59
1, NVIDIA GeForce RTX 4090, 24004 MiB, 24564 MiB, 100 %, 78
0, NVIDIA GeForce RTX 3060, 1529 MiB, 12288 MiB, 14 %, 59
1, NVIDIA GeForce RTX 4090, 24004 MiB, 24564 MiB, 100 %, 81
0, NVIDIA GeForce RTX 3060, 1529 MiB, 12288 MiB, 14 %, 59
1, NVIDIA GeForce RTX 4090, 24004 MiB, 24564 MiB, 100 %, 82
0, NVIDIA GeForce RTX 3060, 1529 MiB, 12288 MiB, 15 %, 59
1, NVIDIA GeForce RTX 4090, 24004 MiB, 24564 MiB, 100 %, 81
0, NVIDIA GeForce RTX 3060, 1534 MiB, 12288 MiB, 15 %, 59
1, NVIDIA GeForce RTX 4090, 24004 MiB, 24564 MiB, 100 %, 80
0, NVIDIA GeForce RTX 3060, 1534 MiB, 12288 MiB, 16 %, 59
1, NVIDIA GeForce RTX 4090, 24004 MiB, 24564 MiB, 100 %, 81
0, NVIDIA GeForce RTX 3060, 1536 MiB, 12288 MiB, 15 %, 59
1, NVIDIA GeForce RTX 4090, 24004 MiB, 24564 MiB, 100 %, 82
0, NVIDIA GeForce RTX 3060, 1536 MiB, 12288 MiB, 14 %, 59
1, NVIDIA GeForce RTX 4090, 24004 MiB, 24564 MiB, 100 %, 81
0, NVIDIA GeForce RTX 3060, 1536 MiB, 12288 MiB, 15 %, 59
1, NVIDIA GeForce RTX 4090, 24004 MiB, 24564 MiB, 100 %, 83
0, NVIDIA GeForce RTX 3060, 1534 MiB, 12288 MiB, 13 %, 59
1, NVIDIA GeForce RTX 4090, 24004 MiB, 24564 MiB, 100 %, 80
0, NVIDIA GeForce RTX 3060, 1543 MiB, 12288 MiB, 13 %, 59
1, NVIDIA GeForce RTX 4090, 24004 MiB, 24564 MiB, 100 %, 79
0, NVIDIA GeForce RTX 3060, 1538 MiB, 12288 MiB, 14 %, 59
1, NVIDIA GeForce RTX 4090, 24004 MiB, 24564 MiB, 100 %, 82
0, NVIDIA GeForce RTX 3060, 1538 MiB, 12288 MiB, 14 %, 59
1, NVIDIA GeForce RTX 4090, 24004 MiB, 24564 MiB, 100 %, 83
0, NVIDIA GeForce RTX 3060, 1534 MiB, 12288 MiB, 19 %, 59
1, NVIDIA GeForce RTX 4090, 24004 MiB, 24564 MiB, 100 %, 79
0, NVIDIA GeForce RTX 3060, 1534 MiB, 12288 MiB, 13 %, 59
1, NVIDIA GeForce RTX 4090, 24004 MiB, 24564 MiB, 100 %, 80
0, NVIDIA GeForce RTX 3060, 1534 MiB, 12288 MiB, 14 %, 59
1, NVIDIA GeForce RTX 4090, 24004 MiB, 24564 MiB, 100 %, 80
0, NVIDIA GeForce RTX 3060, 1534 MiB, 12288 MiB, 13 %, 59
1, NVIDIA GeForce RTX 4090, 24004 MiB, 24564 MiB, 100 %, 81
0, NVIDIA GeForce RTX 3060, 1534 MiB, 12288 MiB, 15 %, 59
1, NVIDIA GeForce RTX 4090, 24004 MiB, 24564 MiB, 100 %, 81
0, NVIDIA GeForce RTX 3060, 1536 MiB, 12288 MiB, 13 %, 59
1, NVIDIA GeForce RTX 4090, 24004 MiB, 24564 MiB, 100 %, 77
0, NVIDIA GeForce RTX 3060, 1536 MiB, 12288 MiB, 13 %, 59
1, NVIDIA GeForce RTX 4090, 24004 MiB, 24564 MiB, 100 %, 81
0, NVIDIA GeForce RTX 3060, 1536 MiB, 12288 MiB, 13 %, 59
1, NVIDIA GeForce RTX 4090, 24004 MiB, 24564 MiB, 100 %, 82
0, NVIDIA GeForce RTX 3060, 1536 MiB, 12288 MiB, 13 %, 59
1, NVIDIA GeForce RTX 4090, 24004 MiB, 24564 MiB, 100 %, 82
0, NVIDIA GeForce RTX 3060, 1536 MiB, 12288 MiB, 17 %, 59
1, NVIDIA GeForce RTX 4090, 24004 MiB, 24564 MiB, 100 %, 80
0, NVIDIA GeForce RTX 3060, 1536 MiB, 12288 MiB, 14 %, 59
1, NVIDIA GeForce RTX 4090, 24004 MiB, 24564 MiB, 100 %, 80
0, NVIDIA GeForce RTX 3060, 1536 MiB, 12288 MiB, 20 %, 59
1, NVIDIA GeForce RTX 4090, 24004 MiB, 24564 MiB, 100 %, 81
0, NVIDIA GeForce RTX 3060, 1536 MiB, 12288 MiB, 13 %, 59
1, NVIDIA GeForce RTX 4090, 24004 MiB, 24564 MiB, 100 %, 78
0, NVIDIA GeForce RTX 3060, 1531 MiB, 12288 MiB, 13 %, 59
1, NVIDIA GeForce RTX 4090, 24004 MiB, 24564 MiB, 100 %, 82
0, NVIDIA GeForce RTX 3060, 1531 MiB, 12288 MiB, 12 %, 59
1, NVIDIA GeForce RTX 4090, 24004 MiB, 24564 MiB, 100 %, 83
0, NVIDIA GeForce RTX 3060, 1531 MiB, 12288 MiB, 13 %, 59
1, NVIDIA GeForce RTX 4090, 24004 MiB, 24564 MiB, 100 %, 80
0, NVIDIA GeForce RTX 3060, 1532 MiB, 12288 MiB, 12 %, 59
1, NVIDIA GeForce RTX 4090, 24004 MiB, 24564 MiB, 100 %, 79
0, NVIDIA GeForce RTX 3060, 1532 MiB, 12288 MiB, 14 %, 59
1, NVIDIA GeForce RTX 4090, 24004 MiB, 24564 MiB, 100 %, 80
0, NVIDIA GeForce RTX 3060, 1532 MiB, 12288 MiB, 14 %, 59
1, NVIDIA GeForce RTX 4090, 24004 MiB, 24564 MiB, 100 %, 82
0, NVIDIA GeForce RTX 3060, 1549 MiB, 12288 MiB, 18 %, 59
1, NVIDIA GeForce RTX 4090, 24004 MiB, 24564 MiB, 100 %, 82
0, NVIDIA GeForce RTX 3060, 1544 MiB, 12288 MiB, 11 %, 59
1, NVIDIA GeForce RTX 4090, 24004 MiB, 24564 MiB, 100 %, 77
0, NVIDIA GeForce RTX 3060, 1542 MiB, 12288 MiB, 11 %, 59
1, NVIDIA GeForce RTX 4090, 24004 MiB, 24564 MiB, 100 %, 81
0, NVIDIA GeForce RTX 3060, 1542 MiB, 12288 MiB, 14 %, 59
1, NVIDIA GeForce RTX 4090, 24004 MiB, 24564 MiB, 100 %, 82
0, NVIDIA GeForce RTX 3060, 1542 MiB, 12288 MiB, 12 %, 59
1, NVIDIA GeForce RTX 4090, 24004 MiB, 24564 MiB, 100 %, 80
0, NVIDIA GeForce RTX 3060, 1530 MiB, 12288 MiB, 11 %, 59
1, NVIDIA GeForce RTX 4090, 24004 MiB, 24564 MiB, 100 %, 80
0, NVIDIA GeForce RTX 3060, 1530 MiB, 12288 MiB, 11 %, 59
1, NVIDIA GeForce RTX 4090, 24004 MiB, 24564 MiB, 100 %, 80
0, NVIDIA GeForce RTX 3060, 1530 MiB, 12288 MiB, 13 %, 59
1, NVIDIA GeForce RTX 4090, 24004 MiB, 24564 MiB, 100 %, 81
0, NVIDIA GeForce RTX 3060, 1530 MiB, 12288 MiB, 14 %, 59
1, NVIDIA GeForce RTX 4090, 1085 MiB, 24564 MiB, 2 %, 65
0, NVIDIA GeForce RTX 3060, 1535 MiB, 12288 MiB, 14 %, 59
1, NVIDIA GeForce RTX 4090, 1085 MiB, 24564 MiB, 0 %, 63
0, NVIDIA GeForce RTX 3060, 1535 MiB, 12288 MiB, 11 %, 59
1, NVIDIA GeForce RTX 4090, 1085 MiB, 24564 MiB, 0 %, 60
0, NVIDIA GeForce RTX 3060, 1535 MiB, 12288 MiB, 12 %, 59
1, NVIDIA GeForce RTX 4090, 1085 MiB, 24564 MiB, 0 %, 59
